id,condition,emotionally,treated,lovecountry,respect,decency,math,weak,unfairly,betray,traditions,disgusting,cruel,rights,loyalty,chaos,god,compassion,fairly,history,kidrespect,harmlessdg,good,animal,justice,family,sexroles,unnatural,kill,rich,team,soldier,chastity,102,103,104,105,108,109,110,111,112,113,114,201,202,203,204,205,206,207,208,303,402,403,404,405,406,408,409,410,411,501,502,503,504,507,509,510,601,602,603,604,605,608,610,611,612,614,701,702,703,704,705,706,707,709,710,711,712,713,714,715,716,801,802,803,804,805,808,810
1,before,3,4,2,3,4,1,5,4,4,3,5,5,4,3,3,4,4,4,3,4,3,5,5,4,3,3,3,5,4,4,4,3,3,4,2,4,5,3,2,4,3,3,2,5,5,3,5,5,5,4,5,2,1,2,3,4,5,3,1,4,4,1,3,2,4,3,4,3,2,3,2,2,4,2,3,3,2,3,4,3,4,3,4,2,3,4,3,4,4,5,4,5,1,5,5,5,5,4,5,5
2,before,3,4,3,3,4,0,5,4,4,4,4,5,5,4,3,3,3,4,3,4,2,4,5,5,4,3,2,5,4,3,4,3,2,4,4,4,4,3,3,4,2,3,2,5,5,4,4,5,5,5,5,4,3,4,3,4,5,4,3,4,5,4,4,4,4,4,4,4,2,3,3,3,4,3,3,3,3,3,3,3,3,3,3,3,3,3,3,3,2,3,3,3,3,5,5,5,5,4,5,5
3,before,3,4,2,4,4,0,5,4,4,3,4,5,4,4,3,4,4,4,3,4,3,5,5,4,3,3,3,5,4,4,4,3,1,3,3,4,4,3,2,4,3,2,3,5,5,4,4,4,5,5,5,4,3,4,4,4,5,4,2,4,4,2,3,3,3,4,4,3,3,3,3,3,4,3,4,3,3,2,3,3,3,3,4,2,3,3,4,3,3,4,3,4,3,5,5,5,5,3,5,5
4,before,3,4,3,4,4,1,4,4,3,4,4,4,4,3,3,4,4,4,4,4,4,5,5,4,4,3,2,4,4,3,4,3,2,4,3,4,4,3,2,3,3,3,2,5,5,4,4,4,5,5,5,3,1,2,1,3,5,3,4,2,2,3,2,2,4,3,4,3,3,3,3,4,4,3,4,2,4,2,4,2,2,2,2,3,2,2,2,2,2,2,2,2,2,5,5,5,5,5,5,5
5,before,3,4,2,4,4,0,5,4,4,4,4,5,4,4,3,4,4,4,3,4,4,4,4,4,4,3,2,4,4,4,4,3,2,4,3,4,4,3,2,4,3,3,2,5,5,4,4,4,5,5,5,4,2,3,2,5,5,3,3,3,4,2,2,2,2,2,2,2,3,3,3,3,4,3,4,3,3,3,4,2,5,4,5,3,4,4,5,4,4,5,3,5,4,5,5,5,5,5,5,5
6,before,3,4,2,3,4,0,4,4,3,4,4,4,4,3,3,4,4,4,3,4,3,4,4,5,4,3,2,4,4,3,4,3,2,3,2,3,4,2,3,2,3,2,2,5,5,4,5,4,5,5,5,3,2,2,2,3,3,3,3,3,4,3,4,4,4,4,4,4,2,2,3,3,2,2,2,2,2,2,2,2,1,1,1,2,2,2,1,2,2,1,2,1,2,5,5,5,5,4,5,3
7,before,3,4,3,3,4,1,5,4,3,3,4,5,4,4,3,5,4,4,3,4,3,5,5,5,4,3,2,5,4,4,4,3,3,4,2,4,5,4,3,4,2,3,3,5,5,4,4,5,5,5,5,4,3,4,3,4,5,4,3,4,4,3,3,3,3,3,3,3,3,4,3,4,3,3,4,3,3,3,3,2,2,2,1,3,3,3,2,2,4,2,2,2,3,5,5,5,5,4,5,2
8,before,3,4,2,4,4,1,5,4,3,4,4,4,4,4,4,3,4,4,4,4,3,4,4,4,4,3,3,4,4,4,4,3,2,4,3,4,5,2,3,4,3,3,2,5,5,4,5,3,5,5,5,4,2,3,3,4,5,4,4,4,4,4,3,3,4,4,4,4,3,2,3,3,4,3,4,3,4,2,3,3,3,3,3,3,3,3,3,3,3,4,4,4,3,5,5,5,5,3,5,5
9,before,4,4,2,3,4,0,4,4,3,4,4,4,4,3,3,4,4,4,3,3,2,4,4,5,4,2,2,4,4,3,4,2,3,4,2,4,3,2,3,4,3,2,3,5,5,4,5,4,5,5,5,4,3,4,3,3,5,4,3,4,4,2,3,2,4,3,4,3,3,4,3,4,3,3,3,4,4,3,3,4,2,2,2,3,2,2,2,2,3,2,3,1,1,5,5,5,5,4,5,3
10,before,3,4,2,3,4,1,4,4,4,4,4,4,4,4,3,4,4,4,3,3,3,5,5,4,4,3,2,4,4,3,3,3,2,3,2,4,4,3,2,4,3,2,4,5,5,4,5,5,5,5,5,4,3,2,3,3,5,3,3,2,3,1,2,1,2,2,2,2,3,3,3,3,3,2,3,2,3,2,3,2,2,2,2,2,3,3,2,2,3,2,3,2,2,5,5,5,5,5,5,5
11,before,3,4,2,3,4,1,4,4,4,4,4,5,4,4,3,4,4,4,3,4,4,4,4,4,4,3,2,4,4,3,4,2,3,4,4,5,5,3,2,4,3,2,3,5,5,4,5,5,5,5,5,4,4,4,3,4,5,4,3,4,4,3,3,3,3,3,3,3,2,2,2,2,4,2,4,2,4,2,4,3,4,4,4,4,4,4,4,4,3,4,3,5,4,5,5,5,5,4,5,5
12,before,3,4,2,3,4,0,4,4,4,3,4,5,4,4,3,4,4,4,3,4,3,4,4,4,4,3,2,4,4,3,3,2,2,3,3,4,4,2,2,3,3,2,3,5,5,4,5,4,5,5,5,4,3,4,3,4,5,5,3,4,5,4,2,4,4,4,4,2,3,4,3,3,4,3,4,4,3,4,4,3,3,4,3,3,4,3,3,3,4,3,3,3,3,5,5,5,5,3,5,5
13,before,4,4,3,3,4,0,4,4,4,4,4,4,4,3,4,4,4,4,3,3,3,4,4,4,4,3,2,5,4,3,4,3,3,4,2,4,5,3,3,4,3,3,2,5,5,4,5,4,5,5,5,3,2,3,2,3,4,3,2,3,4,2,3,4,4,4,4,4,2,3,2,2,4,3,3,2,3,3,3,2,4,4,4,3,3,3,4,3,4,4,3,5,5,5,5,5,5,3,5,5
14,before,3,4,2,4,3,0,4,4,3,4,4,4,4,4,3,4,4,5,3,4,3,4,4,5,4,3,2,5,4,4,4,3,2,3,3,3,3,2,3,4,3,2,2,5,5,5,5,4,5,5,5,4,4,3,3,3,5,3,3,4,4,3,4,4,5,4,5,4,2,3,2,2,4,2,4,3,3,3,4,4,4,4,4,3,3,3,4,3,3,4,3,4,3,5,5,5,5,4,5,5
15,before,3,4,1,4,4,0,5,4,4,4,4,5,4,4,4,5,4,4,3,3,3,4,4,5,4,3,2,4,4,3,4,3,2,4,3,4,4,2,2,4,3,3,2,5,5,4,5,5,5,5,5,4,3,4,3,4,5,4,3,4,5,4,4,4,5,4,5,4,3,3,3,3,3,2,4,3,3,3,3,3,3,3,3,4,3,3,3,3,3,3,3,2,3,5,5,5,5,5,5,5
16,before,3,4,2,4,4,1,5,4,4,3,4,5,4,4,3,4,4,4,3,4,3,4,5,5,4,3,2,4,4,3,4,2,1,2,2,3,3,3,2,4,3,2,2,4,5,4,4,4,4,5,5,4,3,3,3,4,5,3,2,4,3,2,3,3,3,3,3,3,2,2,2,2,3,2,2,2,3,2,3,3,3,3,3,3,3,3,3,3,2,3,2,3,3,5,5,5,5,4,5,5
17,before,3,4,2,3,4,0,4,4,4,4,4,5,4,4,4,4,4,4,3,4,3,5,5,5,4,3,2,5,4,4,4,2,2,3,4,4,3,3,2,4,3,3,2,5,5,4,5,4,5,5,5,4,4,4,3,4,4,4,3,4,5,3,5,4,5,5,5,5,2,3,2,3,4,2,4,3,4,3,4,3,5,4,5,4,4,3,5,4,2,5,4,5,4,5,5,5,5,4,5,5
18,before,3,4,3,4,4,1,5,4,4,4,4,5,4,4,3,4,4,4,3,4,4,5,5,5,4,3,2,5,4,4,4,3,2,4,2,4,5,3,2,4,3,2,4,5,5,4,5,5,5,5,5,4,2,3,2,4,4,3,2,3,4,2,4,4,5,4,5,4,4,4,3,4,3,4,4,3,3,3,2,2,2,2,2,3,2,2,2,2,3,2,3,2,2,5,5,5,5,5,5,5
19,before,4,4,3,3,4,1,5,4,4,4,4,5,4,4,3,4,4,5,3,4,3,5,5,5,4,3,2,5,4,4,4,3,2,4,2,4,4,3,3,4,2,1,3,5,5,4,5,4,5,5,5,3,2,3,2,4,5,4,2,4,4,2,3,2,5,3,5,3,3,1,2,3,2,3,3,2,2,2,3,3,1,2,1,3,2,2,1,3,4,1,2,1,2,5,5,5,5,4,5,5
20,before,3,4,2,4,4,0,4,4,4,4,4,4,4,4,4,4,4,4,3,4,3,4,4,5,4,3,2,4,4,3,4,2,2,4,5,4,4,3,2,4,3,3,3,5,5,4,4,4,5,5,5,4,2,4,3,4,5,4,3,4,5,4,4,4,4,4,4,4,4,3,3,3,3,3,4,4,3,3,4,3,5,4,5,4,3,3,4,3,3,5,3,5,2,5,5,5,5,3,5,5
21,before,3,4,2,4,3,0,5,4,3,4,3,4,5,4,3,4,4,4,4,3,3,5,5,4,4,3,2,5,4,4,5,2,2,3,3,4,4,3,2,4,3,3,2,5,5,4,4,4,5,5,5,3,2,2,2,3,5,4,3,4,4,3,2,2,3,2,3,2,3,3,2,3,3,2,3,2,3,4,3,3,1,1,1,2,2,1,1,2,2,1,3,1,2,5,5,5,5,5,5,5
22,before,3,4,3,4,4,2,5,4,4,4,4,4,4,4,4,4,4,4,4,4,4,4,4,4,4,4,4,4,4,4,4,4,1,2,3,4,5,3,2,4,3,2,2,5,5,4,4,5,5,5,5,4,4,4,4,5,5,5,4,5,4,4,4,4,5,4,5,4,3,3,3,2,4,3,3,3,4,3,4,4,5,5,5,5,4,4,5,5,4,5,4,5,4,5,5,5,5,5,5,5
23,before,4,4,3,4,4,0,4,4,3,3,4,4,4,4,4,4,4,4,3,4,4,4,4,4,4,3,2,5,4,3,4,3,2,3,3,4,4,2,3,4,3,3,3,5,5,4,4,5,5,5,5,4,4,4,3,4,4,4,3,4,4,4,4,4,4,4,4,4,3,3,3,3,3,3,3,3,3,3,3,3,3,3,3,4,4,4,3,4,3,3,3,3,3,5,5,5,5,4,5,4
24,before,3,4,2,4,4,0,4,4,4,4,4,4,4,4,4,4,5,4,3,4,4,5,5,5,3,4,2,4,4,4,4,3,2,2,2,2,3,2,1,3,1,2,2,5,5,4,4,5,5,5,5,3,3,4,3,3,4,3,2,3,3,3,3,3,3,3,3,3,2,2,2,2,3,2,3,2,2,3,3,3,3,3,3,3,3,3,3,3,3,3,3,3,3,5,5,5,5,4,5,4
25,before,3,4,3,4,4,1,5,4,3,4,4,5,4,4,4,4,4,5,3,4,3,5,5,5,4,3,2,5,4,4,4,3,2,3,2,4,4,3,2,4,3,3,2,5,5,4,5,4,5,5,5,4,3,3,2,4,3,3,3,4,2,2,2,2,2,2,2,2,3,3,3,3,3,3,3,3,4,3,3,3,2,2,2,2,2,2,2,2,3,2,3,2,2,5,5,5,5,5,5,5
26,before,4,4,3,4,4,0,5,4,4,4,4,4,4,4,4,4,4,4,3,4,4,5,4,5,4,3,2,5,4,3,4,2,1,2,3,3,3,2,2,3,2,2,3,5,5,4,4,4,5,4,4,3,2,3,3,5,5,4,4,4,4,3,3,3,4,3,4,3,2,3,3,3,4,3,3,3,3,2,4,4,5,3,5,3,3,3,5,3,4,5,3,5,3,5,5,5,5,4,5,5
27,before,3,4,2,4,4,1,5,4,4,3,4,5,4,3,3,3,4,4,4,4,3,4,5,4,4,3,2,5,4,4,4,3,2,4,3,4,3,2,3,4,3,2,3,5,5,4,5,4,5,5,5,4,4,4,3,3,4,4,3,4,4,3,4,3,4,4,4,4,3,3,3,3,3,3,3,3,3,3,3,2,2,2,2,2,2,2,2,2,2,2,2,2,2,5,5,5,5,4,4,5
28,before,3,4,3,4,3,1,5,4,4,4,4,4,4,4,4,4,4,4,4,4,3,4,4,4,3,3,2,4,4,4,4,2,3,4,3,5,4,2,3,4,3,3,4,5,5,4,5,4,5,5,5,4,3,3,4,4,5,4,3,4,4,3,3,3,3,3,3,3,3,3,3,3,3,3,3,3,3,3,3,3,3,3,3,3,3,3,3,3,3,3,3,3,3,5,5,5,5,3,5,5
29,before,3,4,2,4,3,0,4,4,4,3,3,4,4,4,3,4,4,4,3,4,3,4,4,4,4,3,2,4,4,3,4,3,2,3,4,4,5,3,3,4,3,2,2,5,5,4,4,5,5,5,5,4,3,4,3,4,5,3,2,3,4,3,4,4,4,4,4,4,3,3,3,3,4,2,4,3,3,3,3,3,5,5,5,4,4,4,5,4,3,5,3,5,3,5,5,5,5,5,5,5
30,before,3,4,2,4,3,1,5,4,3,4,3,4,4,3,3,4,4,5,3,4,3,5,5,5,4,3,2,5,4,4,4,2,3,4,2,4,5,2,3,4,3,2,3,5,5,4,4,4,5,5,5,3,5,3,4,5,5,3,3,3,4,2,2,2,1,2,2,1,3,2,3,3,4,3,4,3,3,4,4,4,4,3,4,3,3,3,4,4,3,4,3,4,3,5,5,5,5,4,5,5
31,before,3,4,2,4,4,0,4,4,4,2,4,4,4,4,3,5,4,4,3,4,4,5,5,5,4,3,2,4,4,3,4,3,2,3,2,5,5,3,2,4,3,2,3,5,5,4,5,4,5,5,5,3,2,3,3,4,5,4,3,4,4,2,5,4,5,5,5,5,3,3,2,3,4,2,3,3,4,3,3,3,3,3,3,4,3,3,3,3,2,3,3,3,2,5,5,5,5,4,5,5
32,before,3,4,2,4,4,0,4,4,4,4,4,4,4,4,3,4,4,4,4,4,4,5,5,5,4,4,2,5,4,4,4,3,2,3,3,4,4,2,2,4,3,2,1,5,5,4,5,5,5,5,5,3,3,3,3,4,4,4,2,4,4,2,3,2,3,2,3,3,2,3,2,2,3,3,3,4,3,2,3,3,4,3,4,3,3,3,3,3,2,4,2,5,2,5,5,5,5,4,5,5
33,before,3,4,2,4,4,0,4,4,4,3,4,5,4,4,4,4,4,4,3,4,3,4,4,4,4,3,2,4,4,3,5,2,2,3,1,5,4,2,3,4,3,2,3,5,5,4,5,4,5,5,5,4,3,2,3,3,5,3,4,3,3,2,2,3,4,4,4,4,3,3,3,4,3,3,3,4,4,3,4,3,2,2,2,2,2,2,2,2,3,5,3,5,1,5,5,5,5,3,5,3
34,before,3,4,2,3,4,1,5,4,4,4,4,5,4,4,3,4,4,4,4,4,4,4,5,4,4,4,4,5,4,4,4,4,3,4,2,4,5,4,3,3,2,3,2,5,5,4,5,4,5,5,5,4,3,3,2,3,4,3,3,2,3,2,2,2,2,2,2,2,4,3,3,4,3,3,4,3,3,3,3,3,3,3,3,3,3,3,3,3,3,3,3,3,3,5,5,5,5,5,5,5
35,before,3,4,3,4,2,0,4,4,4,4,4,4,4,3,2,5,4,4,3,4,3,4,4,5,3,3,2,5,4,3,4,3,2,4,3,4,3,2,3,1,2,3,3,5,5,4,5,4,5,5,5,4,4,3,3,3,5,3,3,3,4,3,4,4,5,4,5,4,3,3,3,4,4,3,4,4,3,3,3,3,4,4,4,3,3,4,5,4,3,5,4,5,4,5,5,5,5,3,5,5
36,before,4,4,2,3,4,1,5,4,3,4,4,5,4,3,3,4,4,4,3,4,3,5,5,5,4,3,2,5,4,3,4,2,2,4,2,4,4,3,3,4,3,2,2,5,5,4,5,5,5,5,5,4,2,4,3,4,5,4,3,4,4,2,1,2,1,3,3,2,2,2,3,2,4,3,4,3,3,3,3,2,1,1,1,2,3,2,2,3,3,1,3,1,2,5,5,5,5,4,5,5
37,before,3,4,3,4,4,1,5,4,4,4,4,5,4,4,3,4,4,4,4,4,4,4,4,4,4,4,4,4,4,4,4,4,2,4,5,5,4,3,4,3,3,2,2,5,5,4,5,4,4,5,5,4,3,4,3,4,5,4,3,4,4,4,4,4,4,4,4,4,4,4,4,4,4,3,4,4,3,3,4,3,4,3,4,4,4,4,4,3,4,4,4,4,4,5,5,5,5,4,5,5
38,before,3,4,4,3,4,1,4,4,4,4,3,4,4,4,3,4,4,4,4,4,3,4,4,4,4,3,2,4,4,3,4,3,2,4,4,3,4,3,2,4,3,3,2,5,5,4,5,4,5,5,5,4,3,3,3,4,5,3,2,3,4,4,3,3,4,4,4,4,3,4,3,3,4,3,4,3,3,3,4,2,3,3,3,3,3,3,3,3,3,3,3,4,4,5,5,5,5,4,5,5
39,before,3,4,2,3,4,1,5,4,4,4,4,5,4,3,3,4,4,5,4,4,4,5,5,5,4,3,2,5,4,4,4,2,2,4,4,4,5,3,2,4,3,3,2,5,5,4,5,4,5,5,5,4,3,4,4,2,2,3,2,3,4,4,4,4,4,4,4,4,3,3,3,3,4,4,3,2,3,4,4,3,4,4,4,4,4,4,4,4,3,4,3,4,3,5,5,5,5,4,5,4
40,before,3,4,3,4,4,0,4,4,4,4,4,4,4,4,3,3,4,4,3,4,4,4,4,4,4,3,3,4,4,3,4,2,4,3,1,4,5,2,3,4,3,3,3,5,5,4,5,5,5,5,5,4,4,4,3,3,5,4,3,4,4,3,3,3,4,4,4,3,3,3,3,2,3,3,4,4,3,3,4,4,2,3,2,3,3,3,2,3,3,2,3,2,2,5,5,5,5,3,5,1
41,before,3,4,3,3,4,0,4,3,3,3,4,4,4,3,3,4,4,4,3,4,3,5,5,5,4,3,3,4,4,3,4,3,2,4,3,4,5,3,2,4,3,3,2,5,5,4,5,4,5,5,5,3,4,3,3,3,5,4,3,4,3,3,3,3,3,3,3,3,2,2,2,2,2,3,3,2,3,3,2,3,2,2,2,2,2,2,2,2,2,2,2,2,2,5,5,5,5,5,5,5
42,before,3,4,3,3,4,0,4,4,3,4,4,5,4,4,3,4,4,4,3,4,3,4,4,4,3,2,2,4,4,3,4,2,2,4,1,4,3,3,4,4,3,2,2,5,5,4,4,5,5,5,5,4,3,2,2,4,5,4,2,4,3,2,3,2,4,3,4,3,4,3,3,4,4,3,4,3,4,3,4,3,5,4,5,3,4,3,5,3,4,5,3,5,4,5,5,5,5,4,5,5
43,before,3,4,4,3,3,1,5,4,4,3,4,5,4,4,3,4,4,4,3,4,4,5,5,4,4,3,2,5,4,3,3,2,3,4,2,4,5,2,3,4,3,2,2,5,5,4,4,5,5,5,5,4,2,3,2,3,4,3,2,2,4,1,3,1,2,3,4,3,4,4,3,4,3,2,4,3,3,2,3,2,3,3,3,2,3,3,2,1,3,5,3,5,1,5,5,5,5,4,5,5
44,before,3,4,3,4,4,1,5,4,4,4,4,5,4,4,3,4,5,4,3,4,3,4,4,5,4,3,2,4,4,3,4,3,2,4,3,4,5,3,2,4,3,3,2,5,5,4,4,5,5,5,5,4,2,3,3,4,5,4,3,4,3,3,3,3,3,3,3,3,2,2,2,2,2,3,3,2,2,2,2,2,1,1,1,2,2,2,1,2,2,1,2,1,2,5,5,5,5,5,5,5
45,before,3,4,2,4,4,0,5,4,5,4,4,5,5,4,4,4,4,5,3,4,3,5,5,5,4,3,2,5,4,4,4,3,1,2,2,2,1,3,2,4,2,3,3,5,5,4,4,5,5,5,5,4,2,4,2,4,5,4,1,4,5,4,4,4,4,4,4,4,3,2,2,3,3,2,2,3,2,3,2,2,2,2,3,3,3,3,3,3,2,3,3,3,3,5,5,5,5,5,5,5
46,before,4,4,2,3,4,0,5,4,4,3,4,5,4,4,3,5,4,4,3,4,3,5,4,5,4,3,3,5,4,4,4,3,2,3,2,4,3,3,2,4,3,2,2,5,5,4,5,4,5,5,5,4,2,3,2,3,5,3,2,3,3,4,4,4,4,4,4,4,4,3,3,3,3,3,4,3,3,3,3,3,2,2,2,3,2,2,2,2,3,2,3,2,2,5,5,5,5,4,5,4
47,before,3,4,2,3,4,0,5,4,4,3,4,5,3,4,3,4,4,4,4,4,3,4,5,5,4,3,3,5,4,3,3,3,2,4,3,4,3,3,2,3,2,2,3,5,5,4,4,4,5,5,5,4,3,3,3,4,5,3,3,4,3,3,3,4,5,3,5,4,3,2,3,4,4,3,4,2,3,3,3,3,2,2,2,3,3,3,2,3,3,2,3,2,3,5,5,5,5,4,5,5
48,before,3,4,2,4,5,0,4,4,4,4,4,4,3,4,3,4,4,4,3,4,2,4,5,4,3,3,2,4,4,3,4,2,2,3,4,4,5,4,3,4,3,3,2,5,5,4,5,3,5,5,5,3,3,3,3,3,3,4,3,4,3,2,2,1,2,3,2,2,3,3,3,3,3,3,3,3,3,3,3,2,2,2,2,2,2,2,1,2,3,1,3,1,2,5,5,5,5,4,5,5
49,before,3,4,2,3,4,1,5,4,4,4,4,5,4,4,3,3,4,4,3,4,3,5,5,4,4,4,3,5,4,4,4,3,1,3,2,4,5,3,2,4,3,2,3,5,5,5,5,5,5,5,5,4,3,4,3,5,4,4,3,5,4,4,4,4,3,3,4,4,2,3,3,2,4,3,4,3,3,3,4,3,4,3,4,3,3,3,4,3,3,4,3,4,3,5,5,5,5,4,5,5
50,before,3,4,2,4,4,0,5,4,4,4,4,5,4,4,4,4,4,4,3,4,4,4,5,4,4,4,3,4,4,3,4,3,2,2,3,3,4,2,2,4,4,2,3,5,5,4,5,4,5,5,5,4,4,4,4,4,5,4,4,4,4,4,4,4,4,4,4,4,4,3,3,3,4,3,4,3,3,3,4,4,4,4,4,4,3,3,4,4,4,4,4,5,3,5,5,5,5,4,5,5
51,before,3,4,2,4,4,1,5,4,4,4,4,5,4,4,4,5,4,4,4,4,3,5,5,4,4,4,3,4,4,4,4,3,2,4,3,4,4,3,3,5,4,3,3,5,5,4,4,5,5,5,5,4,2,3,4,4,5,4,4,4,4,3,3,4,4,4,4,3,3,3,3,3,3,3,3,3,3,3,3,3,1,1,1,3,3,3,1,3,3,1,3,1,2,5,5,5,5,4,5,5
52,before,3,4,3,4,4,1,5,4,4,4,4,5,4,4,3,5,4,4,3,4,4,5,5,5,4,3,2,4,4,3,4,2,2,2,3,3,2,2,3,3,3,2,2,5,5,4,4,4,4,4,5,3,3,3,3,4,4,3,2,3,3,2,2,2,2,2,2,2,2,2,2,2,3,3,3,3,3,2,3,2,4,4,4,2,3,3,4,3,3,4,3,4,4,5,5,5,5,4,5,4
53,before,3,4,2,4,4,0,4,4,4,4,2,4,3,4,3,3,4,4,3,4,2,4,5,5,4,2,2,5,4,4,4,2,1,3,2,4,5,3,2,4,2,2,1,5,5,5,5,4,4,5,5,4,2,2,2,3,4,3,4,3,3,4,3,4,4,3,4,4,4,2,3,4,2,3,2,3,3,2,3,2,3,3,3,3,3,3,2,2,3,2,2,2,3,5,5,5,5,4,5,4
54,before,3,4,2,3,4,0,4,4,4,4,4,5,4,4,3,4,4,4,3,4,4,4,5,4,4,3,2,5,4,3,4,3,3,4,2,4,4,3,3,4,3,3,3,5,5,4,5,4,5,5,5,4,3,3,3,4,5,4,3,4,4,3,3,3,4,4,4,3,3,4,3,3,4,3,4,4,4,3,4,4,4,4,4,3,4,4,4,4,3,4,3,4,4,5,5,5,5,4,5,5
55,before,3,4,3,3,3,0,4,4,4,4,3,4,4,4,4,4,5,5,4,4,3,5,5,5,4,3,2,5,4,4,4,3,1,2,1,5,4,4,2,4,3,3,3,5,5,5,5,5,5,5,5,3,2,2,2,3,5,4,3,4,4,1,1,1,2,2,2,2,2,2,2,2,2,2,2,2,2,2,2,2,1,1,1,2,2,2,1,2,2,1,2,1,1,5,5,5,5,5,5,5
56,before,3,4,2,4,4,0,4,4,3,4,4,4,4,4,3,4,4,4,4,4,4,4,4,4,4,3,3,4,4,3,4,3,1,2,2,4,3,3,2,4,3,2,3,5,5,4,4,5,5,5,5,4,3,3,3,4,5,4,3,4,4,4,4,4,4,4,4,4,3,3,3,3,3,3,3,3,3,3,3,3,4,4,4,4,4,4,4,4,3,4,3,4,4,5,5,5,5,5,5,5
57,before,3,4,2,3,4,1,4,4,3,4,4,4,4,3,3,4,4,4,3,4,3,5,5,5,4,2,2,4,4,3,4,2,3,4,3,4,4,4,3,3,3,2,2,5,5,5,5,5,5,5,5,3,2,2,2,3,5,3,2,3,4,4,4,4,4,4,4,4,3,3,3,3,3,3,3,3,3,3,3,4,4,4,4,4,4,4,4,4,3,5,3,5,4,5,5,5,5,5,5,5
58,before,3,4,2,3,4,1,5,4,3,4,4,5,4,3,3,4,5,4,3,4,4,5,5,4,4,3,2,5,4,4,4,3,1,3,4,4,3,3,2,4,3,2,3,5,5,4,4,5,5,5,5,4,3,4,3,4,4,3,2,3,4,3,3,4,5,4,5,3,4,3,4,4,4,3,4,3,4,3,4,3,4,4,4,4,3,3,4,3,4,4,3,4,3,5,5,5,5,4,5,5
59,before,3,4,2,4,4,0,4,4,4,4,4,4,4,4,4,4,4,4,4,4,3,5,4,5,3,3,2,4,4,4,4,2,2,3,4,4,4,2,3,4,3,4,3,5,5,4,5,5,5,5,5,4,3,4,4,4,5,4,4,4,4,4,4,4,4,4,4,4,3,3,3,3,3,3,3,3,3,3,3,3,3,3,3,3,3,3,3,3,3,3,3,3,3,5,5,5,5,5,5,5
60,before,3,4,2,4,4,0,4,4,3,4,4,4,4,4,3,3,4,4,3,4,3,4,4,4,4,2,1,4,4,4,4,3,2,3,4,4,4,3,4,4,3,3,3,5,5,4,5,5,5,5,5,3,3,4,3,4,5,4,3,4,4,4,4,4,4,4,4,4,3,3,3,3,3,3,3,3,3,3,3,3,4,4,4,4,4,4,4,4,3,4,3,5,4,5,5,5,5,4,5,5
61,before,3,4,2,4,4,0,5,4,4,4,4,5,4,4,4,4,4,4,3,4,3,4,4,4,4,2,2,4,4,3,4,2,2,5,4,4,5,3,3,2,2,3,2,4,4,3,5,4,5,5,5,3,4,3,2,4,3,2,3,3,3,3,3,3,4,4,4,4,3,2,2,3,2,2,3,3,3,3,2,2,2,2,2,3,2,2,2,2,2,2,2,2,2,5,5,5,5,5,5,5
62,before,3,4,3,3,4,0,5,4,3,4,4,5,4,3,3,3,4,4,3,4,3,5,4,5,3,2,1,4,4,3,4,2,2,4,2,4,4,3,2,4,3,3,3,5,5,4,5,4,5,5,5,3,4,3,3,4,5,4,3,4,4,4,3,4,4,4,4,4,3,3,3,3,4,3,4,3,3,3,4,3,4,4,4,4,4,4,4,4,3,5,3,5,4,5,5,5,5,3,5,5
63,before,4,4,2,4,5,0,4,4,3,4,3,5,4,3,4,2,4,4,4,4,3,4,4,4,3,3,3,4,4,3,4,2,1,2,2,2,3,2,2,3,3,2,3,5,5,4,4,4,4,5,5,3,2,3,2,3,4,3,2,3,3,2,2,2,1,2,3,2,2,2,2,2,3,2,3,3,2,2,3,3,4,4,5,3,3,3,4,3,2,5,3,5,2,5,5,5,5,3,5,5
64,before,3,4,2,4,4,0,4,4,4,4,4,4,4,4,4,2,4,4,4,4,2,4,4,4,4,4,1,4,4,4,4,2,1,1,1,1,1,1,1,1,1,1,1,5,5,5,5,5,5,5,5,4,4,4,4,4,4,4,4,4,4,4,4,4,4,4,4,4,4,4,4,4,4,4,5,5,5,5,5,5,5,5,5,5,5,5,5,5,5,5,5,5,5,5,5,5,5,5,5,5
65,before,3,4,3,4,3,1,4,4,4,4,3,4,4,4,3,4,4,4,3,4,3,4,4,4,4,3,2,4,4,3,3,3,3,4,3,4,5,2,3,4,3,2,2,5,5,4,4,5,5,5,5,4,3,4,3,4,4,3,2,3,4,3,3,4,3,4,4,4,3,3,3,2,4,3,4,4,3,3,4,4,4,4,4,4,4,4,4,4,4,4,4,4,4,5,5,5,5,5,5,5
66,before,3,4,2,3,4,1,4,4,3,4,4,5,4,3,4,3,5,4,3,4,3,4,5,5,3,3,2,5,4,3,3,2,2,4,2,4,5,3,3,4,1,2,1,5,5,4,5,5,5,5,5,4,3,4,2,3,5,3,2,3,4,2,3,4,4,4,4,4,4,2,2,3,4,3,4,2,3,2,3,3,3,3,3,3,4,4,3,4,3,4,3,4,3,5,5,5,5,4,5,5
67,before,3,4,2,3,4,1,4,4,3,4,4,4,4,3,3,4,4,5,3,4,3,5,5,5,4,3,2,5,4,4,4,2,2,4,3,4,3,3,2,4,3,2,2,5,5,4,5,5,5,5,5,4,4,2,3,4,5,4,2,4,3,2,2,3,3,3,3,3,2,2,2,2,3,2,2,2,2,2,3,3,4,4,4,4,3,3,4,3,2,4,3,4,3,5,5,5,5,5,5,5
68,before,3,4,2,5,4,1,5,4,3,4,4,5,5,4,3,4,4,4,4,4,3,4,4,5,3,2,2,4,4,3,4,2,2,3,4,5,5,2,4,3,3,3,2,5,5,4,4,2,5,5,5,3,2,2,2,4,4,3,2,3,4,5,4,4,5,4,5,4,3,3,3,3,4,3,4,3,4,2,4,2,4,4,4,3,3,3,4,3,3,4,3,4,3,5,5,5,5,3,5,5
69,before,3,4,3,4,4,1,5,4,4,3,4,5,4,4,3,4,4,4,3,4,4,5,4,5,3,3,2,4,4,3,5,2,2,5,3,4,5,3,3,4,4,3,3,5,5,4,4,5,5,5,5,3,4,4,3,4,5,4,3,4,4,3,4,4,4,4,4,4,3,3,3,3,4,3,4,3,3,3,4,4,5,4,5,4,4,4,5,4,3,5,3,5,4,5,5,5,5,4,5,5
70,before,3,4,2,4,4,1,5,4,4,4,4,5,4,4,3,5,4,4,3,4,3,5,5,5,4,3,2,5,4,4,4,3,2,4,3,4,3,3,2,4,3,3,2,5,5,4,5,4,5,5,5,3,2,3,2,4,5,3,3,3,4,4,4,4,4,4,4,4,3,3,3,3,4,3,4,3,3,2,4,3,4,3,4,3,4,3,4,4,3,4,3,5,3,5,5,5,5,3,5,5
71,before,3,4,3,4,3,1,5,4,4,4,3,5,4,4,3,4,4,4,3,4,2,5,5,5,4,3,2,5,4,3,4,2,2,4,3,5,5,3,3,2,3,2,3,5,5,4,5,5,5,5,5,3,5,4,4,5,5,4,3,4,4,3,4,5,5,4,5,5,2,3,2,4,4,3,4,3,4,4,3,3,3,4,4,4,4,4,3,3,3,3,3,3,3,5,5,5,5,5,5,5
72,before,3,4,2,3,4,1,4,4,4,4,3,4,4,4,3,4,4,4,3,4,3,5,5,5,4,3,2,5,4,3,5,3,2,3,4,4,4,3,2,5,3,2,2,5,5,5,5,4,5,5,5,4,3,4,3,4,5,4,2,3,4,3,3,3,3,3,3,3,2,2,3,2,2,3,2,2,3,4,2,4,3,3,3,3,3,3,3,3,2,3,2,3,2,5,5,5,5,4,5,5
73,before,3,4,3,3,4,1,4,4,3,4,4,4,4,4,3,4,4,5,4,4,3,4,4,5,4,3,2,4,4,3,5,2,2,4,3,4,3,3,2,4,2,3,3,5,5,4,5,5,5,5,5,4,3,4,3,4,5,4,3,4,4,5,4,5,4,4,4,4,4,3,3,4,4,3,4,4,4,3,4,3,4,4,4,4,4,4,4,4,4,4,4,4,4,5,5,5,5,4,5,5
74,before,3,4,2,4,3,0,4,4,4,4,3,4,4,4,4,5,4,4,3,4,3,4,4,4,4,3,2,5,4,3,4,3,3,4,2,5,4,3,2,1,3,2,3,5,5,4,4,4,5,5,5,4,3,4,2,4,5,4,3,4,5,3,4,3,4,4,4,4,3,3,2,3,4,3,3,3,3,3,3,2,5,4,5,4,4,4,5,3,3,5,3,5,4,5,5,5,5,4,5,4
75,before,3,4,3,3,4,1,4,4,3,4,4,5,4,3,3,3,4,5,4,4,3,5,4,5,4,3,2,4,4,4,4,3,2,4,3,5,4,3,1,4,3,3,2,5,5,4,5,4,5,5,5,3,4,3,2,1,1,2,2,2,1,2,2,3,4,3,5,3,3,4,3,2,4,2,4,3,2,1,3,2,3,4,5,3,4,3,4,2,1,5,3,5,2,5,5,5,5,4,5,2
76,before,3,4,3,4,4,1,5,4,4,4,4,5,4,4,4,4,4,4,3,4,3,5,5,5,4,3,2,5,4,4,4,2,2,3,3,5,4,4,2,3,3,3,2,5,5,4,5,4,5,5,5,4,4,4,3,3,5,4,3,3,4,3,4,4,5,3,5,4,4,3,3,4,4,3,3,3,3,3,4,3,4,4,4,3,4,4,4,4,3,4,3,5,3,5,5,5,5,5,5,5
77,before,5,4,2,4,4,1,5,4,4,3,4,5,4,4,3,5,4,4,3,4,3,5,5,4,4,3,2,4,4,4,4,2,1,1,1,1,1,1,1,1,1,1,1,1,1,1,1,1,1,1,1,1,1,1,1,1,1,1,1,1,1,1,1,1,1,1,1,1,1,1,1,1,1,1,1,1,1,1,1,1,1,1,1,1,1,1,1,1,1,1,1,1,1,1,1,1,1,1,1,1
78,before,3,4,3,3,3,1,4,4,4,4,3,4,4,4,3,3,4,4,4,4,3,5,5,5,4,3,2,4,4,4,5,3,2,4,4,4,4,3,3,3,3,2,2,5,5,5,5,4,5,5,5,4,3,4,3,4,5,4,3,4,4,4,3,4,4,4,4,4,3,3,3,3,4,3,4,3,4,3,4,3,4,4,3,4,4,4,4,3,3,4,3,4,3,5,5,5,5,4,5,5
79,before,3,4,2,4,4,1,5,4,3,3,4,5,4,4,3,3,4,4,3,4,3,5,5,5,4,3,2,4,4,3,4,3,2,4,3,4,4,3,3,3,4,3,3,5,5,4,5,4,4,5,5,4,3,4,3,4,5,4,3,4,4,3,4,4,4,4,4,4,3,3,3,3,4,3,4,3,4,3,4,3,4,4,4,4,4,4,4,4,3,4,4,5,4,5,5,5,5,5,5,5
80,before,3,4,2,3,4,1,4,4,4,4,4,5,4,4,3,4,4,5,4,4,3,5,5,5,4,2,2,5,4,4,4,3,2,3,4,4,4,2,2,4,3,3,3,5,5,4,5,4,5,5,5,4,2,2,2,5,5,4,3,4,5,3,3,3,4,4,4,4,3,3,3,4,4,3,4,4,4,3,4,3,5,5,5,4,4,4,5,4,4,5,4,5,3,5,5,5,5,4,5,5
81,before,3,4,2,4,4,0,5,4,4,4,4,4,5,4,4,3,4,4,3,4,3,4,4,5,4,3,2,4,4,3,4,2,2,4,3,4,4,3,3,4,2,3,2,5,5,4,5,5,5,5,5,3,2,2,3,4,4,4,3,4,4,2,2,2,4,4,4,2,3,3,3,3,4,3,3,3,3,2,4,4,4,4,4,2,4,4,4,4,4,4,4,4,3,5,5,5,5,4,5,5
82,before,3,4,2,4,4,0,4,4,4,4,4,4,4,4,3,4,4,4,3,4,3,4,4,4,3,3,2,4,4,3,4,3,2,2,3,4,4,2,2,4,3,2,2,5,5,5,5,5,5,5,5,4,3,4,3,4,4,4,3,4,4,3,3,3,4,4,4,3,3,3,3,3,4,3,3,3,3,3,4,4,4,4,4,4,4,4,4,4,4,4,4,4,4,5,5,5,5,5,5,5
83,before,3,4,2,4,4,1,5,4,3,4,4,5,4,3,3,4,4,4,3,4,2,5,5,5,4,3,2,5,5,4,4,3,2,4,1,3,4,3,2,4,3,3,2,5,5,4,5,4,5,4,5,4,3,4,2,3,4,3,3,3,4,2,2,2,2,3,2,2,2,2,2,3,4,4,4,3,3,3,3,3,4,4,5,3,3,3,5,3,3,5,3,5,3,5,5,5,5,5,5,5
84,before,4,4,3,3,4,0,4,4,4,4,4,4,4,4,3,4,4,4,3,4,4,5,5,5,4,3,2,5,4,4,4,3,3,4,2,4,4,3,3,4,4,2,2,5,5,5,5,5,5,5,5,4,3,3,2,3,3,3,3,3,4,4,4,4,4,4,4,4,3,3,3,3,3,3,3,3,4,3,3,3,4,4,4,4,3,3,4,3,3,4,3,4,4,5,5,5,5,5,5,5
85,before,3,4,2,4,4,0,4,4,4,4,4,4,4,4,4,4,4,4,3,4,3,4,4,4,4,3,2,4,4,4,4,3,2,4,2,5,4,3,2,4,3,1,2,5,5,4,5,5,5,5,5,4,3,2,3,2,5,4,1,3,4,3,2,3,4,3,4,3,2,3,2,3,4,2,4,3,2,3,4,3,5,4,5,2,4,3,5,3,2,5,4,5,3,5,5,5,5,5,5,5
86,before,3,4,2,4,3,0,4,4,4,4,4,4,4,4,4,4,4,4,3,4,4,4,5,5,4,3,2,5,4,3,4,2,1,2,2,3,1,2,2,4,3,2,2,5,5,4,5,4,5,5,5,4,2,3,3,3,4,3,2,3,4,3,2,3,4,4,4,3,3,3,3,3,3,2,3,2,3,2,2,2,4,3,4,3,3,3,4,3,2,4,2,4,2,5,5,5,5,5,5,5
87,before,3,4,2,4,2,0,5,4,4,4,4,5,4,4,3,2,4,5,3,4,2,4,5,5,4,3,2,4,4,4,4,3,3,4,2,4,5,4,2,2,2,3,3,5,5,4,5,5,5,5,5,4,2,3,3,4,5,3,3,3,3,3,3,3,3,3,3,3,3,3,3,3,3,3,4,4,3,3,3,2,2,2,2,2,2,2,2,2,3,2,2,2,2,5,5,5,5,5,5,5
89,before,3,4,3,4,4,1,4,4,3,3,4,5,4,4,3,4,4,4,4,4,3,5,5,5,4,3,2,5,4,4,4,2,1,3,2,4,3,2,2,4,3,2,3,5,5,4,5,5,5,5,5,4,3,4,3,4,5,3,2,3,4,4,4,4,4,4,4,4,2,2,3,2,3,2,3,3,3,3,3,3,4,3,4,4,3,3,4,3,2,4,3,5,3,5,5,5,5,5,5,5
90,before,4,4,3,3,4,1,4,4,4,4,4,4,4,4,3,3,4,4,4,3,3,4,4,4,3,3,2,5,5,3,4,3,2,2,2,3,3,2,2,1,2,2,2,5,5,4,5,5,4,5,5,4,2,3,2,4,5,4,3,4,4,4,3,4,4,4,4,4,3,3,3,3,3,3,4,4,3,3,3,3,4,4,5,3,3,3,5,3,3,5,3,5,3,5,5,5,5,5,5,5
91,before,3,4,2,4,4,0,5,4,5,4,3,5,5,4,4,4,4,4,4,4,3,5,5,5,4,4,3,5,4,3,5,4,1,2,2,3,2,3,2,4,3,2,2,5,5,4,5,4,5,5,5,3,2,4,4,4,5,4,2,4,4,4,4,4,4,4,4,4,2,2,2,2,4,3,4,3,3,3,3,3,1,1,1,2,2,2,1,2,2,1,2,1,2,5,5,5,5,5,5,3
92,before,3,4,2,4,4,1,4,4,3,4,4,5,4,4,3,4,4,4,3,4,3,4,5,4,4,3,2,5,4,4,4,3,3,4,1,4,5,2,2,4,2,2,3,5,5,4,5,5,5,5,5,4,5,4,4,5,5,5,3,4,5,3,3,3,3,4,4,3,4,4,3,4,4,3,4,4,4,3,4,3,5,4,5,3,4,4,5,3,3,5,3,5,4,5,5,5,5,4,5,4
93,before,3,4,2,4,4,0,4,4,4,4,4,4,4,4,4,3,4,4,4,3,3,4,5,4,4,3,3,5,4,3,4,3,2,3,4,4,3,3,2,4,3,2,2,5,5,4,5,4,5,5,5,3,3,3,3,4,5,4,2,4,4,2,2,2,3,3,3,3,2,3,2,2,3,2,3,2,2,2,3,3,5,4,5,3,4,4,5,4,2,5,3,5,3,5,5,5,5,4,5,5
94,before,3,4,2,4,4,0,5,4,4,4,4,5,4,4,3,3,4,4,3,4,3,4,5,4,4,3,2,4,4,3,4,3,1,3,4,4,5,3,3,4,3,2,2,5,5,4,5,4,5,5,5,4,2,4,2,4,5,4,2,4,4,2,2,3,3,3,3,3,2,3,2,2,4,3,4,3,4,3,4,3,3,3,3,4,4,3,4,4,2,4,3,4,3,5,5,5,5,4,5,5
95,before,4,4,2,3,4,0,4,4,4,3,4,4,4,4,3,4,4,4,3,4,3,4,4,4,3,3,2,4,4,3,4,3,3,4,2,4,4,2,3,4,3,2,3,5,5,4,5,4,5,5,5,4,3,4,3,4,4,4,3,4,3,3,3,4,4,4,4,4,3,3,3,4,4,3,4,4,3,3,4,3,3,3,3,3,4,4,3,3,3,3,4,3,3,5,5,5,5,4,5,5
96,before,3,4,2,4,4,1,4,4,4,4,4,5,4,4,4,3,4,4,4,4,3,5,5,4,4,3,2,5,4,4,4,2,2,4,2,5,3,3,2,4,3,2,3,5,5,4,5,4,5,5,5,4,2,2,3,4,4,4,2,4,4,4,3,3,4,4,4,4,3,3,3,3,4,3,4,3,3,3,4,3,4,4,4,4,4,4,4,4,4,4,4,4,4,5,5,5,5,5,5,5
97,before,4,4,3,3,4,0,4,4,4,4,4,5,4,4,3,4,4,4,3,4,3,5,5,5,4,3,2,4,4,3,4,2,3,3,4,3,2,3,2,1,2,3,2,5,5,4,4,4,5,5,5,3,3,4,3,4,5,4,2,4,5,3,3,4,4,4,4,4,3,2,2,3,2,2,3,2,2,3,2,2,1,1,1,2,2,2,1,2,2,1,2,1,2,5,5,5,5,4,5,4
98,before,3,4,2,3,4,1,5,4,4,4,4,5,5,4,3,4,4,4,3,4,4,5,5,5,4,3,2,5,4,3,4,3,2,3,4,4,3,3,3,4,3,3,2,5,5,4,5,4,5,5,5,4,2,3,2,2,4,3,3,2,5,3,4,4,4,4,4,4,3,3,3,3,3,2,2,2,4,2,2,2,4,4,4,3,3,3,3,3,3,4,3,4,3,5,5,5,5,4,5,5
99,before,3,4,2,4,4,1,5,4,4,4,4,5,4,4,3,5,4,4,3,4,3,5,5,5,4,3,2,5,4,4,4,3,1,3,3,4,4,3,2,4,2,2,2,5,5,4,5,4,5,5,5,3,2,3,3,4,4,3,3,3,4,3,4,4,5,4,5,4,3,2,3,3,4,2,3,2,2,2,4,3,2,2,2,3,3,2,2,3,3,2,3,2,2,5,5,5,5,4,5,5
100,before,5,4,2,3,4,1,5,4,4,4,4,4,4,4,3,3,4,4,3,4,4,5,5,4,4,4,2,5,4,4,4,3,2,3,3,4,3,2,3,4,3,2,2,5,5,4,5,4,4,5,5,4,3,4,4,5,5,4,3,4,5,4,3,4,5,4,5,3,3,3,3,3,4,3,4,4,4,3,4,3,2,2,2,3,3,3,2,3,3,2,4,2,2,5,5,5,5,3,5,4
101,before,4,4,3,4,4,0,5,4,4,4,4,4,4,4,4,4,4,4,3,4,3,4,5,4,3,3,2,5,4,3,4,2,2,4,2,4,5,3,3,4,3,3,2,5,5,4,5,4,5,5,5,4,1,3,4,4,5,4,2,3,4,3,2,3,5,3,5,3,2,3,2,3,2,3,4,2,2,1,2,2,4,4,4,3,2,2,3,2,1,4,2,5,1,5,5,5,5,3,5,5
102,before,4,4,2,3,4,0,4,4,4,4,4,4,4,4,3,4,4,4,4,4,3,4,5,4,4,3,3,5,4,3,4,3,1,3,4,5,3,3,2,4,2,3,3,5,5,4,5,5,5,5,5,5,4,3,3,5,5,5,4,5,5,4,5,5,5,5,5,5,4,3,4,4,4,4,4,4,4,3,4,3,4,4,4,3,4,4,4,3,4,4,4,4,4,5,5,5,5,4,5,3
103,before,3,4,2,4,4,0,4,4,3,4,4,4,4,4,4,3,4,4,4,4,3,5,5,5,3,3,2,4,4,3,4,2,1,3,4,4,5,3,2,4,3,2,3,5,5,4,5,5,5,5,5,4,2,4,3,4,5,4,3,4,5,4,4,4,4,4,4,4,3,3,3,3,2,3,3,2,3,3,2,3,1,2,1,4,2,2,1,2,2,1,2,1,2,5,5,5,5,5,5,5
104,before,3,4,3,4,4,1,4,4,4,4,4,4,4,4,4,3,5,4,3,4,4,4,5,4,4,3,2,5,4,3,4,3,2,4,3,4,5,3,1,4,3,3,1,5,5,4,4,5,5,5,5,3,3,3,3,4,5,4,3,4,4,3,3,4,4,3,4,4,3,2,2,3,3,2,3,2,3,3,2,2,2,3,2,3,2,2,2,2,2,2,2,2,2,5,5,5,5,3,5,3
105,before,3,4,3,4,4,0,4,4,4,4,4,4,4,4,2,5,5,4,3,4,2,4,5,4,4,3,2,5,4,3,4,2,2,4,1,3,4,2,3,4,3,2,3,5,5,4,5,4,5,5,5,4,3,3,2,3,5,3,2,3,4,3,4,4,4,4,4,4,2,3,2,3,3,2,3,3,2,3,4,3,4,3,4,3,3,3,4,3,3,5,3,5,3,5,5,5,5,2,5,4
106,before,3,4,2,3,4,0,4,4,3,3,4,4,4,3,3,4,4,4,4,4,3,5,5,5,4,3,2,5,4,3,4,3,3,4,2,4,5,3,2,4,2,2,3,5,5,4,5,4,5,5,5,4,4,2,3,4,5,4,3,3,4,2,2,2,2,3,2,2,4,3,2,4,4,3,4,3,3,4,3,3,4,4,5,3,3,3,5,4,4,5,4,5,4,5,5,5,5,4,5,5
107,before,3,4,2,4,4,1,5,4,4,3,4,5,4,3,4,4,4,4,3,4,4,5,5,5,3,3,3,4,4,3,4,3,2,4,3,5,4,3,2,4,2,3,3,5,5,4,5,5,5,5,5,4,3,2,3,3,3,3,2,3,4,2,2,2,2,2,2,2,3,3,3,3,4,3,4,4,3,2,4,4,4,4,4,3,4,4,4,4,3,4,3,4,3,5,5,5,5,4,5,5
108,before,3,4,2,4,4,1,5,4,4,4,4,5,4,4,3,3,4,4,3,4,3,5,5,5,4,2,2,5,4,3,4,3,2,4,3,4,3,4,2,4,3,3,3,5,5,4,5,4,5,5,5,4,5,4,4,4,5,3,2,3,4,3,4,4,5,5,5,5,2,3,3,2,2,3,3,2,3,4,2,2,4,3,4,4,3,3,4,3,2,5,3,5,3,5,5,5,5,4,5,4
109,before,3,4,2,4,4,1,5,4,4,3,4,5,4,4,3,4,4,4,3,4,3,5,5,4,4,3,3,5,4,3,4,3,2,4,3,4,3,2,3,4,3,2,3,5,5,4,4,4,4,5,5,4,3,4,3,5,5,4,3,4,5,4,4,4,4,4,4,4,3,3,3,3,3,3,3,2,2,2,3,3,3,3,3,3,2,2,2,2,3,2,3,2,2,5,5,5,5,4,4,4
110,before,3,4,3,3,4,1,4,4,4,4,4,5,4,3,3,3,4,4,3,4,3,4,4,4,3,3,2,4,4,3,4,3,2,3,3,4,4,3,2,4,3,2,2,5,5,4,4,4,5,5,5,3,2,3,2,4,5,3,3,3,4,3,3,3,4,3,4,3,3,3,3,3,4,3,4,3,3,2,4,3,5,5,5,3,4,3,5,3,3,5,3,5,2,5,5,5,5,5,5,5
111,before,3,4,3,4,4,1,5,4,4,3,4,5,4,4,3,4,4,5,3,4,3,4,5,5,4,3,2,5,4,4,4,3,1,3,2,4,3,2,1,4,3,2,3,5,5,4,4,5,5,5,5,4,2,1,2,3,4,3,2,3,3,2,1,1,1,3,3,1,2,3,2,3,3,2,3,2,3,2,3,1,2,1,2,3,3,2,2,3,2,2,3,4,2,5,5,5,5,4,5,5
112,before,3,4,3,2,4,1,4,4,3,3,4,4,4,3,3,4,4,4,3,4,3,4,4,5,3,3,2,4,3,3,4,2,2,4,2,4,4,2,3,4,3,2,4,5,5,4,5,5,5,5,5,4,3,4,3,4,5,4,3,4,3,4,2,4,4,4,4,4,3,4,3,3,4,3,4,3,4,3,4,4,4,4,4,4,4,4,4,4,4,4,4,4,4,5,5,5,5,4,5,5
113,before,3,4,2,3,4,1,4,4,3,4,4,4,4,3,3,4,4,4,3,4,3,4,4,5,3,3,3,4,4,3,4,2,2,4,3,4,3,2,2,4,3,3,2,5,5,4,5,5,5,5,5,4,3,4,3,4,5,4,3,4,3,4,3,4,4,4,4,4,3,3,2,2,2,2,2,2,3,2,2,2,1,1,1,2,1,1,1,1,2,1,2,1,1,5,5,5,5,4,5,4
114,before,3,4,2,4,4,0,5,4,4,3,4,4,4,4,3,5,4,5,3,4,3,5,5,5,4,3,2,4,4,3,4,2,1,3,2,4,3,2,1,4,3,2,3,5,5,4,5,4,5,5,5,4,2,3,2,2,5,3,2,3,2,2,2,3,3,3,3,3,3,3,3,3,3,3,3,3,3,3,3,3,3,3,3,3,3,3,3,3,3,3,3,3,3,5,5,5,5,5,5,5
115,before,3,4,3,3,4,0,4,4,4,4,4,4,4,4,3,5,4,4,4,4,3,5,5,5,3,3,1,5,4,3,4,3,2,4,3,4,3,3,2,4,3,3,2,5,5,4,5,5,5,5,5,4,3,4,3,4,5,4,3,4,4,3,4,4,4,4,4,4,3,3,3,3,3,3,3,3,4,3,3,3,4,4,5,4,4,4,5,4,3,5,3,5,3,5,5,5,5,4,5,5
116,before,3,4,3,4,4,0,4,4,4,4,4,4,4,4,3,4,4,4,4,4,4,5,5,5,4,4,3,4,4,3,4,3,4,3,3,4,4,2,3,4,3,3,2,5,5,4,5,4,5,5,5,3,4,3,3,3,4,3,3,3,4,3,4,4,4,4,4,4,3,3,3,3,4,3,3,3,4,3,4,3,4,4,5,4,4,4,5,4,3,5,3,5,4,5,5,5,5,4,5,5
117,before,3,4,3,3,4,0,4,4,3,4,4,4,4,4,3,3,4,4,3,4,3,4,4,4,3,3,2,4,4,3,4,2,3,4,2,5,3,1,2,4,3,2,1,5,5,4,4,5,5,5,5,4,2,3,2,2,5,3,3,2,4,3,3,3,3,3,3,3,3,2,3,3,3,4,4,4,3,2,3,3,3,3,3,3,3,3,3,3,3,3,3,3,3,5,5,5,5,3,5,5
118,before,3,4,2,3,4,0,5,4,4,4,4,5,4,4,3,4,4,4,3,4,3,5,5,5,4,3,2,5,4,3,4,2,1,2,2,3,4,3,2,4,3,2,2,5,5,4,5,5,5,5,5,3,2,3,3,4,5,4,3,4,4,3,3,3,3,3,3,3,3,3,3,3,3,3,3,3,3,3,3,3,3,3,3,3,3,3,3,3,3,3,3,3,3,5,5,5,5,4,5,5
119,before,3,4,2,3,4,1,5,4,3,4,5,5,4,4,3,4,4,4,3,4,3,5,5,5,4,3,2,5,4,4,4,3,2,3,4,4,5,3,3,4,3,2,3,5,5,4,5,5,5,5,5,3,3,4,4,4,5,4,4,4,4,4,4,4,4,4,4,4,3,2,3,2,3,2,3,2,3,3,3,2,3,3,4,3,4,3,4,3,3,4,3,3,4,5,5,5,5,4,5,5
120,before,3,4,2,3,4,2,4,4,4,3,4,5,4,4,4,3,4,4,4,4,3,4,4,4,4,3,3,4,3,4,4,2,2,3,4,4,3,3,2,4,2,2,2,4,5,4,4,4,4,5,5,3,3,4,3,3,4,4,3,3,4,4,4,4,4,3,4,4,3,3,3,3,3,3,4,3,3,3,4,3,4,3,4,4,3,3,4,3,3,4,3,4,4,5,5,5,5,4,5,5
121,before,3,4,2,4,4,1,5,4,3,4,4,5,4,4,3,3,4,4,3,4,3,5,5,5,3,3,2,4,4,3,4,3,2,3,3,4,4,3,3,2,3,3,2,5,5,4,4,4,5,5,5,4,3,3,3,4,5,4,3,4,4,3,3,3,3,3,3,3,3,3,3,4,3,2,2,2,2,3,3,2,4,4,4,3,3,3,3,3,3,4,3,4,3,5,5,5,5,4,5,5
122,before,3,4,2,3,4,0,4,4,4,3,4,5,4,4,3,4,4,4,3,4,3,5,5,5,4,3,2,5,4,4,4,2,2,4,3,4,3,4,2,5,2,3,2,5,5,4,5,4,4,5,5,4,3,2,3,4,5,3,3,3,4,2,4,3,4,3,4,4,4,3,3,4,4,3,4,4,3,3,3,2,5,5,5,3,4,3,5,3,3,5,3,5,4,5,5,1,5,3,4,1
123,before,4,4,3,3,4,0,4,3,3,3,4,4,4,4,3,3,4,4,3,3,3,4,4,5,4,3,2,5,4,3,4,4,2,4,3,4,5,3,2,4,3,2,2,5,5,4,5,4,5,5,5,3,3,4,4,3,5,3,3,3,4,2,4,3,4,4,4,4,2,2,3,2,3,2,3,3,2,3,2,2,1,1,1,3,2,3,1,2,2,1,2,1,2,5,5,5,5,4,5,5
124,before,3,4,2,3,4,0,4,4,3,4,4,4,4,4,3,4,4,4,3,3,4,4,4,5,4,3,2,4,4,3,4,2,2,4,3,5,3,2,4,5,3,4,3,5,5,4,5,4,4,5,5,4,3,4,3,4,5,4,3,4,4,2,3,3,3,3,3,3,3,3,3,3,3,3,3,3,3,3,3,3,3,3,3,3,3,3,3,3,3,3,3,3,3,5,5,5,5,5,5,5
125,before,3,4,2,3,4,1,5,4,4,4,3,4,4,3,3,3,4,4,3,4,3,5,5,4,4,3,2,5,4,3,4,2,3,2,4,5,5,2,2,4,3,3,2,5,5,4,4,5,5,4,4,4,4,4,3,5,5,4,3,4,5,2,3,3,4,3,4,2,3,3,3,3,4,3,3,3,4,3,4,4,2,2,2,3,3,3,1,3,3,1,2,1,2,1,1,1,1,2,1,1
126,before,3,4,2,4,4,0,4,4,3,4,4,4,4,3,4,4,4,4,3,4,3,5,4,5,4,3,2,5,4,3,4,3,2,4,3,4,4,3,2,4,3,2,3,5,5,4,5,4,5,5,5,4,4,4,4,3,4,4,3,3,4,4,4,4,4,4,4,4,3,3,3,2,3,3,3,3,3,3,3,3,2,2,2,3,3,3,2,3,2,2,3,1,2,5,5,5,5,5,5,5
127,before,3,4,3,3,3,1,4,4,3,4,3,4,4,4,3,3,4,4,4,3,3,4,5,4,4,3,3,4,4,3,4,3,1,2,3,3,4,3,2,4,2,1,2,5,5,4,5,5,5,5,5,5,1,4,4,5,5,4,2,3,4,4,4,4,4,4,4,4,2,2,2,2,4,2,3,1,3,2,4,3,4,3,5,3,3,3,4,3,2,5,2,5,3,5,5,5,5,3,5,5
128,before,3,4,2,4,4,1,5,4,5,4,4,4,4,3,4,3,4,4,3,4,3,4,5,4,4,3,2,5,4,3,4,3,2,4,3,4,4,3,2,4,3,3,3,5,5,4,5,4,5,5,5,4,2,3,2,4,5,4,3,4,4,2,3,2,3,3,3,3,3,3,2,3,4,3,4,4,2,3,3,3,3,3,4,3,3,3,4,3,3,4,3,5,3,5,5,5,5,4,5,3
1,after,3,4,1,3,4,2,5,4,4,3,4,5,5,3,3,5,4,4,3,4,3,5,5,5,3,2,2,4,4,3,4,2,2,3,2,4,4,3,3,4,3,2,3,5,5,4,5,4,5,5,5,4,2,3,2,4,4,3,3,3,3,3,3,3,4,4,4,4,3,3,3,3,4,3,4,3,3,3,3,3,4,3,4,3,4,4,4,3,3,4,3,4,3,5,5,5,5,5,5,5
2,after,3,4,2,4,3,2,4,4,3,3,2,4,4,3,4,4,4,4,3,4,3,4,4,4,3,3,2,5,4,3,4,2,2,3,2,3,2,3,3,3,2,2,2,4,4,3,4,4,4,4,4,3,3,3,3,4,4,3,2,3,3,2,2,3,2,2,2,2,3,2,2,2,3,2,3,2,3,2,3,2,3,3,3,3,3,3,3,3,3,5,3,5,3,5,5,5,5,5,5,5
3,after,3,4,2,3,4,2,4,3,4,4,3,5,4,3,4,5,4,4,3,4,2,4,4,5,3,2,2,5,4,4,4,2,2,2,3,3,3,2,3,3,3,2,2,5,5,5,5,5,5,5,5,3,3,3,3,3,4,3,3,3,4,3,3,3,4,4,4,4,3,3,3,3,3,2,3,3,3,4,3,3,3,3,4,4,3,4,3,3,3,4,3,4,4,5,5,5,5,5,5,4
4,after,3,4,2,3,4,1,5,4,4,4,4,5,5,4,4,5,4,4,3,4,4,5,5,5,4,3,2,4,4,3,4,2,3,4,3,4,4,4,3,4,3,3,4,5,5,4,5,4,5,5,4,4,4,4,4,5,5,5,4,4,4,4,4,4,4,4,4,4,3,3,3,4,4,3,3,3,3,4,4,3,4,3,4,4,3,3,4,3,4,4,4,5,4,5,5,5,5,5,5,5
5,after,3,4,3,4,4,1,5,4,4,4,4,4,4,4,4,4,4,4,3,4,3,4,5,4,3,3,3,4,4,3,4,3,3,4,3,4,4,4,4,4,4,4,4,5,5,5,5,4,5,5,5,4,4,4,4,4,5,4,4,4,4,4,4,4,4,4,4,4,4,4,4,4,4,4,4,4,4,4,4,4,4,4,4,4,4,4,4,4,4,4,4,4,4,5,5,5,5,5,5,4
6,after,3,4,2,4,4,1,5,4,4,4,5,5,4,4,4,5,4,4,3,4,4,5,5,5,4,4,4,5,4,4,4,4,3,4,3,4,4,4,3,4,4,3,3,5,5,5,5,5,5,5,5,4,3,4,3,4,5,4,3,4,4,3,3,3,3,3,3,3,3,3,3,3,4,3,4,3,3,3,4,3,4,4,4,3,4,4,4,4,4,4,4,5,4,5,5,5,5,5,5,5
7,after,3,4,2,3,4,1,4,4,3,4,4,5,4,3,4,5,4,5,3,4,2,5,4,5,3,3,2,5,4,4,4,2,2,3,3,4,3,3,3,3,3,2,2,5,5,5,5,5,5,5,5,3,4,4,4,4,4,4,3,4,4,2,3,3,5,4,5,4,3,3,3,3,4,3,4,3,3,3,4,4,4,4,4,4,4,4,4,4,3,4,4,4,3,5,5,5,5,4,5,5
8,after,3,4,2,4,3,2,5,4,3,4,2,5,4,3,4,5,4,4,3,4,2,4,5,5,3,3,2,5,4,3,4,2,2,3,3,4,4,3,3,4,3,2,3,5,5,4,5,4,4,4,4,4,2,3,3,3,4,3,2,3,4,2,2,4,4,3,4,4,3,3,2,2,2,3,2,3,3,2,2,2,4,3,4,3,3,3,4,2,2,3,2,4,3,5,5,5,5,4,5,5
10,after,3,4,2,3,4,2,4,4,3,3,4,4,3,3,3,3,4,4,3,4,3,5,4,5,3,3,2,4,4,3,4,3,2,3,1,4,3,2,4,4,3,2,3,5,5,5,5,5,5,5,5,4,3,4,3,4,4,2,3,2,4,4,3,3,4,4,4,4,3,3,3,3,4,3,3,4,3,3,4,3,4,4,4,3,3,4,4,3,4,4,4,4,3,5,5,5,5,4,5,5
11,after,3,4,3,3,4,2,4,4,3,3,3,4,4,3,4,4,4,5,4,3,3,4,4,5,4,3,3,4,4,3,3,3,2,3,2,4,3,4,3,4,3,3,3,5,5,4,5,5,5,5,5,4,3,4,3,3,4,4,3,4,4,3,3,4,4,4,4,4,3,3,3,4,3,3,3,3,3,3,3,2,4,3,5,3,4,4,5,3,2,5,3,5,3,4,4,5,5,4,4,3
12,after,4,4,2,4,4,1,5,4,4,4,4,5,5,4,3,5,4,4,3,4,3,5,5,5,4,3,1,4,4,4,4,2,1,2,4,4,4,3,3,4,3,2,2,5,5,5,5,5,5,5,5,4,3,3,3,4,4,4,3,3,4,3,3,3,4,4,4,4,3,2,2,3,3,2,2,2,3,2,2,2,5,4,5,4,4,4,5,4,3,5,3,5,4,5,5,5,5,4,5,4
13,after,3,4,2,3,3,1,5,4,4,3,3,5,5,4,2,5,5,4,3,4,2,5,5,5,3,2,2,5,4,3,4,2,2,3,2,3,3,3,3,3,3,2,3,5,5,4,5,5,5,5,5,3,4,4,4,4,4,4,3,4,4,3,3,4,4,4,4,4,3,3,3,3,4,3,3,3,4,3,4,4,4,4,4,4,4,4,4,4,3,5,3,5,4,5,5,5,5,5,5,5
14,after,3,4,2,3,4,1,5,4,3,4,3,4,5,4,4,5,5,4,3,4,2,5,5,5,4,3,2,5,4,3,4,3,2,4,4,4,4,3,3,4,3,3,3,5,5,5,5,5,5,5,5,4,2,3,2,4,5,4,3,4,5,3,3,3,4,4,4,3,3,2,3,3,4,3,4,2,3,3,2,2,5,4,5,3,4,4,5,3,3,5,3,5,4,5,5,5,5,4,5,4
15,after,3,4,3,4,4,2,4,4,4,4,3,4,4,4,3,4,4,4,4,4,3,5,4,5,4,3,2,5,5,4,4,2,2,3,2,5,3,3,3,4,3,2,2,5,5,5,4,5,5,5,5,3,2,3,4,4,5,4,3,4,4,3,3,3,4,3,4,3,3,3,3,2,3,2,3,3,3,3,3,2,4,3,5,3,4,4,4,4,3,4,3,5,4,5,5,5,5,4,5,4
16,after,3,4,2,3,3,1,4,4,4,4,3,5,4,4,3,5,4,4,3,4,3,5,5,5,4,2,1,5,5,4,4,2,2,3,2,4,4,3,3,4,3,3,3,5,5,5,4,4,5,5,5,4,4,4,3,4,5,3,4,3,4,3,3,3,4,4,4,4,4,3,3,3,4,3,4,3,3,4,3,3,4,4,5,4,4,3,5,4,3,5,3,5,3,5,5,5,5,3,5,5
18,after,3,4,2,3,4,1,5,4,5,4,4,5,5,4,3,5,4,5,3,4,4,5,5,5,4,4,2,5,4,4,4,3,2,3,2,4,4,3,3,3,3,2,3,5,5,4,4,4,4,4,4,3,3,2,2,4,4,4,3,4,4,2,2,3,4,4,4,4,3,2,3,3,3,3,3,3,3,3,3,3,2,3,2,2,2,2,2,2,3,4,3,4,4,5,5,5,5,4,5,5
19,after,3,4,2,3,3,1,4,4,3,4,3,5,4,4,4,4,4,4,4,4,3,5,5,5,4,3,3,4,4,3,4,3,2,2,4,4,4,3,3,3,3,2,3,5,5,4,4,4,5,4,5,4,4,3,3,4,4,3,3,3,4,3,3,3,3,3,3,3,2,3,2,2,4,3,3,3,3,3,4,4,4,4,4,3,3,3,4,4,4,5,4,5,4,5,5,5,5,4,5,5
20,after,3,4,2,3,4,2,4,4,3,3,3,5,4,4,4,2,4,4,3,4,3,5,5,5,4,3,2,5,4,3,4,2,2,2,4,4,3,3,3,4,3,2,3,5,5,5,5,4,5,5,5,4,3,3,3,4,4,4,3,4,4,3,3,3,4,3,4,3,3,2,3,3,4,3,4,3,3,3,4,3,4,4,5,4,4,4,5,4,3,5,4,5,4,5,5,5,5,4,5,5
21,after,4,4,2,3,4,1,4,5,3,4,3,5,4,4,3,2,4,4,3,4,2,4,5,5,4,2,1,5,4,4,4,3,2,3,2,3,3,3,3,3,2,2,2,5,5,4,4,4,4,4,5,3,2,4,3,4,4,4,2,4,4,4,3,4,3,3,3,3,3,2,3,3,4,3,4,2,3,2,4,4,4,3,4,4,3,3,2,2,3,5,4,5,2,5,5,5,5,3,5,3
22,after,3,4,1,2,4,2,5,4,4,3,4,5,4,3,4,5,4,5,3,4,4,5,5,5,4,3,2,4,4,3,4,3,2,3,2,3,3,3,2,4,3,2,2,5,5,5,5,5,5,5,5,4,4,4,3,4,4,4,3,4,3,3,3,3,3,3,3,3,3,2,3,3,4,3,4,4,3,3,4,3,4,4,4,3,4,3,4,4,2,5,3,5,3,5,5,5,5,3,4,3
23,after,3,4,2,4,4,2,4,4,3,3,4,4,4,4,3,3,3,4,3,4,2,5,5,5,4,3,2,4,4,4,4,2,2,3,2,3,3,2,3,4,3,2,2,5,5,4,5,4,5,5,5,4,4,4,4,4,5,3,2,3,5,3,3,4,5,3,5,3,2,2,2,2,4,2,4,2,3,2,3,2,3,3,3,3,2,2,3,2,2,3,2,3,2,5,5,5,5,5,5,5
24,after,3,4,2,4,4,0,5,4,3,4,4,4,4,4,4,4,4,5,4,4,4,5,5,5,4,3,2,4,4,3,3,2,2,4,3,4,3,3,3,4,4,2,3,5,5,5,5,4,5,5,5,3,2,4,3,4,3,4,3,4,4,3,3,4,4,4,4,4,2,3,3,2,4,3,3,2,2,3,4,2,3,2,3,2,3,2,3,2,3,4,3,4,3,5,5,5,5,4,5,5
25,after,3,4,2,4,4,0,5,4,4,3,3,4,5,4,4,3,4,5,4,4,2,5,5,5,4,2,3,4,5,3,4,3,2,3,2,4,3,2,4,3,3,2,3,5,5,5,4,4,5,5,5,3,3,4,3,3,4,4,3,4,4,3,3,3,4,3,4,3,3,2,2,2,4,2,3,3,3,3,4,3,5,4,5,3,3,3,5,3,4,5,3,5,3,5,5,5,5,4,5,4
26,after,3,4,2,4,4,1,5,4,4,4,4,5,5,4,4,5,4,4,3,4,3,4,4,5,4,3,3,5,4,4,4,3,3,4,4,4,4,3,4,4,4,3,4,5,5,5,5,5,5,5,5,4,3,3,3,4,4,4,3,3,4,3,3,3,4,4,4,4,3,4,3,3,4,4,4,4,3,4,4,3,4,4,4,4,4,4,4,4,4,4,4,4,3,5,5,5,5,4,5,5
27,after,3,3,4,4,3,2,4,4,3,3,2,4,4,4,3,4,4,4,3,4,3,4,4,5,4,2,2,4,4,4,4,2,2,3,4,4,3,4,3,4,4,2,3,5,5,5,5,5,5,5,5,4,4,4,3,4,5,4,3,4,4,3,3,4,4,4,4,4,3,3,3,4,4,3,3,3,4,3,4,3,4,4,4,4,4,4,4,4,3,4,3,4,4,5,5,5,5,4,5,3
28,after,3,4,3,4,4,2,5,4,4,4,2,5,5,4,4,5,4,4,3,3,3,4,4,4,3,3,3,4,4,3,4,3,2,3,2,4,3,3,3,2,3,3,2,5,5,4,4,4,5,4,4,4,4,3,3,4,4,4,2,4,4,3,3,3,3,3,3,3,3,3,3,3,4,3,4,4,3,3,4,3,4,4,4,4,4,4,4,3,3,4,4,4,4,5,5,5,5,4,4,5
29,after,3,4,2,4,3,1,5,4,4,3,3,5,4,4,4,4,4,4,3,4,3,5,5,4,4,3,2,4,4,3,4,2,2,3,2,4,3,3,3,3,3,2,3,5,5,4,4,4,5,4,5,4,4,3,3,4,4,3,3,3,4,4,3,4,4,4,4,4,3,3,3,3,3,3,3,3,4,3,3,3,4,4,4,4,3,3,3,3,3,4,3,4,3,5,5,5,5,4,5,4
30,after,3,4,2,4,4,1,5,4,4,4,4,5,4,4,4,5,4,5,3,4,3,5,5,5,4,3,2,4,5,3,4,2,2,2,2,2,2,2,2,2,2,2,2,5,5,5,5,5,5,5,5,4,3,3,3,3,3,3,3,3,3,3,3,3,3,3,3,3,3,2,2,2,2,2,2,2,2,2,2,2,2,2,2,2,2,2,2,2,2,2,2,2,2,5,5,5,5,5,5,5
31,after,3,4,2,5,3,1,4,4,4,3,4,5,4,4,3,5,4,5,4,4,3,5,4,5,4,2,2,3,4,4,4,3,2,3,3,4,4,2,3,4,3,2,3,5,5,4,5,5,5,5,5,4,2,3,3,3,5,4,3,4,4,3,3,4,4,4,4,4,3,3,3,3,4,3,4,3,3,3,3,2,2,3,2,3,3,2,1,2,3,2,3,2,3,5,5,5,5,4,4,5
33,after,3,4,2,4,4,2,5,4,4,3,3,5,4,4,3,4,4,5,3,4,3,5,5,5,4,3,3,5,4,4,4,3,2,2,3,4,4,3,4,3,3,2,3,5,5,5,5,4,5,5,5,4,3,3,3,4,4,4,3,4,4,3,3,4,4,4,4,4,3,4,3,4,4,3,4,4,4,3,3,3,4,4,4,4,4,4,4,3,4,4,4,4,4,5,5,5,5,4,5,5
34,after,3,4,2,4,3,2,4,4,4,4,2,4,4,4,3,4,4,4,4,4,3,4,5,5,4,3,3,5,4,3,3,3,2,2,2,3,2,2,3,3,3,2,2,5,5,5,5,4,4,5,4,3,3,3,3,3,4,3,3,3,4,3,3,3,3,3,3,3,3,3,3,2,3,3,3,3,3,3,3,3,4,4,4,3,3,3,4,3,3,4,3,4,4,5,5,5,5,4,5,5
35,after,3,4,2,4,4,1,5,4,4,2,4,5,5,4,4,5,5,4,4,4,2,4,5,5,4,2,2,4,4,3,4,3,3,4,3,5,4,3,4,4,4,3,4,5,5,5,5,4,5,5,5,4,4,3,4,4,4,3,4,3,5,4,3,4,4,3,4,4,3,3,4,3,4,4,4,3,4,4,4,3,4,4,5,4,3,3,5,3,4,5,4,5,4,5,5,5,5,4,5,5
36,after,3,4,3,4,4,1,5,4,5,4,4,5,5,4,4,3,4,4,4,4,3,5,5,5,4,3,4,5,4,4,4,4,2,3,4,4,4,3,3,4,3,2,3,5,5,5,5,5,5,5,5,4,4,3,4,4,5,4,3,4,4,3,3,3,3,3,3,3,2,4,2,3,4,2,4,3,4,4,4,4,4,4,4,3,3,3,4,3,2,4,2,4,4,5,5,5,5,4,5,5
37,after,3,4,2,4,4,2,4,4,3,4,3,4,4,4,4,5,4,5,4,4,3,4,5,5,4,3,2,4,4,4,4,3,2,4,4,5,5,4,4,4,4,4,4,5,5,5,5,5,5,5,5,4,4,3,4,4,5,4,4,4,4,3,4,5,4,4,4,4,3,3,3,4,4,4,4,4,4,4,3,4,4,3,4,3,3,3,4,3,3,4,3,4,3,5,5,5,5,4,5,5
38,after,3,4,2,4,4,2,4,4,4,3,3,4,4,3,3,4,5,4,4,3,3,4,5,5,3,2,2,5,4,3,3,3,2,2,2,3,2,2,3,3,2,2,2,5,5,5,5,5,5,5,5,3,3,3,3,3,4,3,2,3,3,3,3,3,4,3,4,3,2,3,3,2,3,3,3,2,3,3,3,3,4,4,4,3,3,3,4,3,3,4,3,4,4,5,5,5,5,4,5,4
39,after,3,4,2,4,4,1,5,4,5,3,2,4,5,4,3,4,4,4,3,4,2,4,5,5,3,2,2,4,4,3,4,2,2,3,4,5,4,3,4,4,3,2,3,5,5,4,5,5,5,5,5,4,3,4,3,4,4,4,3,4,4,3,3,4,3,4,4,3,3,3,3,3,4,3,4,3,3,3,4,3,3,3,3,3,4,4,4,4,3,4,3,3,3,5,5,5,5,5,5,5
40,after,3,4,2,4,4,1,5,4,4,4,4,4,5,4,4,4,4,4,4,4,4,4,4,5,4,2,3,4,4,4,3,3,2,3,2,4,3,3,3,4,3,2,2,5,5,5,5,5,5,5,5,4,3,3,3,4,5,4,2,3,4,3,3,2,2,2,2,3,2,3,3,2,4,1,3,2,2,3,4,3,4,5,5,3,2,3,4,3,3,5,3,5,3,5,5,5,5,5,5,5
41,after,3,4,1,3,4,2,4,4,3,3,2,4,4,3,4,4,4,4,3,4,3,5,4,5,3,3,2,4,4,3,5,2,2,3,4,5,4,3,3,4,3,2,3,5,5,4,5,4,5,5,5,4,2,2,4,4,5,3,2,3,4,2,2,3,1,2,2,2,2,2,1,2,3,2,3,2,3,2,3,2,4,3,4,2,2,2,3,2,2,3,2,4,2,5,5,5,5,4,5,5
42,after,3,3,2,2,2,2,3,3,3,3,2,4,4,3,2,3,4,4,3,4,3,5,5,4,3,3,2,4,2,3,4,3,1,2,3,4,5,3,4,4,4,3,2,5,5,5,4,5,5,5,5,4,3,4,3,4,5,4,3,4,4,3,4,3,4,4,4,4,3,3,3,3,3,3,3,3,3,4,3,3,3,3,3,3,3,3,3,3,3,3,3,3,3,5,5,5,5,4,5,5
43,after,3,3,2,3,3,2,4,4,4,3,3,4,4,4,4,4,4,4,3,4,4,5,5,4,4,3,3,5,4,4,4,3,2,4,4,5,5,4,4,4,4,4,4,5,5,5,5,5,5,5,5,4,5,4,3,4,5,4,4,4,4,4,4,4,4,4,4,4,4,4,4,4,4,4,4,4,4,4,4,4,4,4,4,4,4,4,4,4,4,4,4,4,4,5,5,5,5,4,5,5
44,after,3,4,2,4,4,2,4,4,4,4,4,4,4,4,4,4,4,4,3,4,4,4,4,4,4,4,4,4,4,4,4,4,2,2,2,2,2,2,2,2,2,2,2,3,4,3,4,4,4,3,4,3,3,3,3,3,3,3,3,3,3,3,3,3,3,3,3,3,3,3,3,3,3,3,3,3,3,3,3,3,3,3,3,3,3,3,3,3,3,3,3,3,3,4,4,4,5,4,4,4
45,after,3,4,2,3,4,1,4,4,4,4,3,4,4,4,4,4,5,4,4,4,3,4,5,5,4,3,2,5,4,4,4,3,3,4,3,4,4,3,4,4,4,4,3,5,5,5,5,5,5,4,4,4,4,3,4,4,5,4,4,4,4,4,3,4,4,4,4,4,4,4,3,4,4,4,4,4,4,4,4,3,4,4,4,4,4,4,3,3,4,5,4,5,4,5,5,5,5,4,3,1
46,after,5,4,2,4,3,1,5,4,4,4,3,4,5,4,3,5,4,4,3,4,3,4,4,5,4,2,2,5,4,4,3,3,2,2,2,3,2,2,3,3,2,2,2,5,5,5,5,4,5,4,4,3,3,3,3,3,5,3,2,3,3,3,3,3,3,3,3,3,3,3,3,3,3,3,3,3,3,3,3,3,2,2,2,3,2,3,2,3,2,2,3,2,2,5,5,5,5,5,5,5
47,after,3,4,2,4,4,2,4,4,4,4,3,5,5,3,3,4,4,4,4,4,3,5,5,5,4,2,2,5,4,4,4,3,2,3,3,4,4,3,4,3,4,3,2,5,5,5,5,5,5,5,5,4,4,4,4,4,4,4,3,4,4,3,3,3,3,3,3,3,3,3,3,3,2,3,2,2,2,2,2,2,2,2,2,2,2,2,2,2,1,2,2,1,4,5,5,5,5,5,5,5
48,after,3,4,2,4,3,2,4,4,3,4,3,4,5,4,3,3,4,5,3,4,3,5,4,5,4,3,3,5,5,4,5,3,2,3,4,4,3,3,3,3,3,2,2,5,5,4,5,4,4,5,5,4,3,2,3,4,5,5,3,5,4,3,3,5,5,4,5,3,3,2,3,4,4,4,3,3,4,3,4,4,4,4,4,2,4,3,3,3,4,5,4,5,3,5,5,5,5,5,5,5
49,after,3,4,2,4,4,1,5,4,4,4,4,5,5,4,3,5,4,5,3,4,3,5,5,5,4,3,2,4,4,3,3,2,2,3,3,4,3,3,4,4,3,2,2,5,5,4,4,4,5,4,5,4,3,3,3,4,5,4,3,4,4,3,3,4,4,4,4,4,3,3,3,3,4,3,4,3,4,4,4,3,4,3,4,4,3,4,4,4,3,5,4,5,3,4,5,5,5,4,5,4
50,after,3,4,2,4,3,2,5,4,3,3,3,5,4,4,3,5,4,4,3,4,2,5,5,5,4,2,2,5,4,4,4,3,2,3,3,4,4,3,3,4,3,3,3,5,5,5,5,5,5,5,5,4,3,3,3,4,5,4,3,4,4,3,3,3,4,4,4,3,4,3,3,4,4,4,4,4,4,3,4,3,5,5,5,3,4,4,5,4,3,5,4,5,4,5,5,5,5,4,5,5
51,after,3,4,2,4,4,1,5,4,3,3,5,5,4,4,3,4,4,5,3,4,2,5,5,5,4,2,2,5,4,3,4,3,2,4,4,5,5,4,3,4,4,3,3,5,5,5,5,5,5,5,5,4,2,2,2,2,2,2,2,3,4,2,2,2,2,3,3,3,3,3,2,3,3,3,4,4,3,2,4,3,4,4,4,3,4,3,4,3,2,4,3,5,4,5,5,5,5,4,5,5
52,after,3,4,2,4,3,1,5,4,5,4,3,5,5,4,4,5,5,4,4,4,3,4,5,5,4,3,2,5,4,4,4,2,2,3,2,4,4,3,3,4,4,2,3,5,5,4,5,5,5,5,5,3,3,3,4,4,4,4,3,4,4,3,3,4,4,3,4,4,3,3,3,3,4,3,3,2,3,3,3,3,4,4,4,4,3,3,2,3,4,4,4,4,3,5,5,5,5,4,5,5
53,after,3,3,2,3,3,2,4,3,3,3,2,4,4,3,3,4,4,4,3,4,3,5,4,5,3,3,2,5,4,3,4,3,2,2,3,3,3,2,3,3,3,2,2,5,5,4,4,4,4,4,4,3,3,3,3,3,4,3,3,3,4,3,3,4,3,3,3,3,3,3,2,3,4,3,3,3,3,3,3,3,3,3,3,3,3,3,4,3,3,5,3,5,4,5,5,5,5,4,4,5
54,after,3,4,1,4,4,2,5,4,4,3,1,5,5,3,4,4,5,4,3,4,2,5,5,5,4,2,2,5,5,3,4,3,2,3,2,3,2,2,3,3,3,3,2,5,5,5,4,4,4,4,4,3,4,3,4,4,4,4,3,4,4,3,4,4,4,4,4,4,3,3,3,3,3,3,3,3,3,3,3,3,4,4,4,3,3,3,4,3,3,4,3,4,4,5,5,5,5,4,5,5
55,after,3,4,2,3,4,1,5,4,3,3,4,5,4,3,3,4,4,4,4,4,3,5,5,4,3,3,2,4,4,3,4,2,2,4,3,4,4,3,3,4,3,2,3,5,5,4,4,4,5,5,5,4,2,3,2,3,3,3,2,3,3,3,3,3,4,3,4,3,3,3,3,3,3,3,3,3,3,2,3,3,3,3,3,3,3,3,3,3,3,3,3,3,3,5,5,5,5,4,5,3
56,after,3,4,2,4,4,2,4,4,4,4,2,4,4,4,4,4,4,4,4,3,3,4,4,4,3,3,3,4,4,3,3,3,2,3,4,5,5,4,4,4,4,2,3,5,5,5,4,5,5,5,5,4,4,4,4,4,4,3,3,3,4,3,4,4,5,4,5,4,4,4,3,3,4,3,4,3,3,3,4,3,4,4,4,4,3,4,4,3,4,5,3,5,4,4,5,5,5,4,5,4
57,after,3,4,2,4,4,2,5,4,4,3,4,5,4,4,3,5,4,5,4,4,4,5,5,5,5,3,3,4,4,3,5,3,2,2,2,2,2,3,2,2,2,2,2,5,5,5,5,5,5,5,5,4,4,3,3,3,5,4,4,3,3,3,3,3,4,4,4,3,3,3,3,4,3,3,4,4,3,3,3,2,2,2,2,3,3,2,2,2,2,2,3,2,3,5,5,5,5,5,5,5
58,after,3,4,2,4,3,1,5,4,3,4,3,5,5,4,4,4,4,5,3,4,2,4,5,5,4,3,2,5,5,4,4,2,2,3,3,4,4,3,4,4,4,2,3,5,5,4,5,5,5,4,5,4,4,4,3,4,5,4,3,4,4,3,4,4,4,4,4,4,3,3,3,3,4,3,3,4,3,3,4,3,4,4,4,4,4,4,4,4,4,4,4,5,4,5,5,5,5,4,4,5
59,after,3,4,2,4,4,2,4,4,4,3,4,4,4,4,4,3,4,4,3,4,2,4,4,5,4,3,1,5,4,3,4,2,2,4,4,4,4,4,4,4,3,3,2,5,5,5,4,5,5,5,5,4,3,4,3,4,5,5,4,4,3,4,4,4,4,4,4,4,4,3,4,4,4,3,4,4,4,3,4,4,4,4,4,4,4,4,4,4,4,5,4,5,4,5,5,5,5,4,5,5
60,after,3,4,4,3,3,1,4,4,4,4,3,4,4,4,4,4,4,4,3,4,3,4,4,4,3,3,3,5,3,4,4,3,3,4,4,5,4,3,4,4,4,3,4,5,5,5,5,4,5,5,5,4,4,4,4,5,5,4,3,4,4,3,3,4,4,4,4,4,3,4,3,3,4,3,4,4,3,3,4,3,4,4,4,4,4,4,4,4,4,4,3,4,3,5,5,5,5,4,5,5
61,after,3,3,3,3,3,2,4,4,4,3,1,5,4,4,3,4,4,5,4,4,3,5,5,5,4,3,2,4,5,3,5,3,2,4,2,4,3,3,3,4,3,2,2,5,5,5,5,5,5,5,5,4,3,3,3,4,5,3,4,4,4,3,4,4,4,4,4,4,3,3,2,3,1,2,2,2,3,3,2,2,3,2,2,3,2,2,1,2,2,1,2,2,2,5,5,5,5,5,5,5
62,after,3,4,2,3,4,2,5,4,4,3,3,4,4,3,3,4,5,4,3,4,2,5,5,4,4,3,2,5,4,4,4,3,2,4,4,5,5,4,4,4,3,3,3,5,5,5,5,5,5,5,5,3,4,4,4,4,5,4,3,4,4,4,3,3,5,4,5,4,4,3,4,4,4,3,4,4,3,3,4,4,4,4,4,3,4,4,4,3,3,4,4,4,3,5,5,5,5,5,5,5
63,after,3,4,2,3,3,1,4,4,3,4,1,4,5,4,3,5,4,4,3,4,2,4,5,5,4,3,2,4,4,4,5,3,2,3,2,3,3,2,3,3,3,3,2,5,5,4,4,4,5,4,4,4,4,3,3,4,4,3,3,3,3,2,3,2,2,3,2,2,3,2,2,3,3,2,2,3,3,3,3,2,3,3,3,3,3,3,2,2,3,4,3,4,3,5,5,5,5,4,5,4
64,after,3,4,2,4,4,2,4,4,4,4,4,4,4,4,4,4,4,4,3,4,4,4,5,4,3,4,4,2,4,3,4,3,2,3,4,4,4,4,4,4,4,3,2,5,5,5,5,5,5,5,5,4,4,4,4,4,5,4,4,4,5,4,4,4,4,4,4,4,4,4,4,4,4,4,4,4,4,4,4,4,4,4,4,4,4,4,4,4,4,4,4,4,4,5,5,5,5,4,4,5
65,after,3,4,2,3,3,1,4,4,4,3,3,4,4,3,3,4,4,4,3,4,3,4,4,5,3,3,2,3,4,4,4,2,2,4,4,5,4,3,4,4,4,2,3,5,5,5,5,5,5,5,5,4,3,3,3,4,4,3,3,3,4,3,3,3,3,3,3,3,4,3,4,4,4,3,4,3,4,3,4,3,5,4,5,4,4,4,4,4,4,5,4,5,4,5,5,5,5,4,5,5
66,after,3,4,2,3,3,1,4,4,3,4,3,4,4,2,3,4,4,4,3,4,3,4,4,5,3,2,2,4,4,3,3,2,3,3,3,4,4,3,3,4,4,3,3,5,5,4,5,5,5,4,5,4,4,4,4,5,5,4,3,4,4,4,4,4,4,3,4,4,3,3,3,3,4,3,4,3,4,3,4,3,4,4,4,3,3,3,3,4,4,5,3,5,4,4,5,5,5,4,5,5
67,after,3,4,2,3,4,1,5,4,3,4,3,5,4,3,3,5,4,4,3,4,2,5,5,5,4,2,2,4,4,4,3,3,2,3,3,4,4,3,2,3,3,2,2,5,5,5,5,5,5,5,5,3,2,2,2,2,1,2,3,2,4,3,3,3,4,4,4,3,2,2,2,2,2,2,2,2,2,3,2,2,3,2,3,3,2,2,2,2,3,4,3,5,2,5,5,5,5,4,5,5
68,after,3,4,2,4,3,1,4,4,4,3,3,4,5,4,4,2,4,4,3,3,2,4,4,5,3,2,2,5,4,4,4,3,2,3,3,4,3,3,3,3,3,3,2,5,5,4,5,5,5,5,5,4,4,3,4,3,4,4,2,4,4,3,3,3,3,3,3,3,3,3,3,3,3,3,3,3,3,3,4,4,4,4,4,4,4,4,4,4,3,4,4,4,4,5,5,5,5,4,5,4
70,after,3,4,2,3,4,0,4,4,3,3,4,5,4,4,3,4,4,4,3,4,4,5,5,5,4,2,3,5,4,3,4,2,2,4,2,4,3,3,3,4,3,2,3,5,5,5,5,4,4,5,5,3,4,3,4,4,4,4,3,4,4,3,4,3,4,4,4,3,3,4,3,3,4,3,4,4,4,3,3,2,3,3,4,3,4,4,4,4,3,5,4,5,4,5,5,5,5,4,5,5
71,after,3,4,2,4,4,1,5,4,4,4,4,5,4,4,4,5,4,4,3,4,3,5,5,5,4,3,2,4,4,3,4,2,2,2,3,4,3,2,3,3,3,2,3,5,5,5,5,5,5,5,5,4,4,4,3,3,4,3,3,3,4,4,4,4,4,4,4,4,3,3,3,4,4,3,3,3,3,3,3,3,4,4,3,4,3,3,3,3,4,4,3,4,4,5,5,5,5,5,5,5
72,after,3,4,2,3,4,1,4,4,3,4,5,5,4,4,3,5,4,4,4,4,3,5,4,5,3,2,2,4,5,3,4,2,2,4,3,4,4,3,3,3,3,3,3,5,5,4,4,4,5,5,5,3,4,4,3,4,5,4,3,4,4,3,3,4,4,4,4,4,4,3,3,3,4,3,4,3,3,3,4,4,3,4,3,4,4,4,3,4,4,4,4,3,4,5,5,5,5,5,5,4
73,after,3,4,2,4,4,2,5,4,3,3,4,5,5,4,4,4,4,4,4,4,3,5,5,5,3,4,3,5,4,4,4,3,2,3,3,4,4,3,3,4,3,2,3,5,5,4,5,4,5,5,5,4,2,4,3,4,4,4,3,3,4,3,3,4,4,4,4,4,3,3,3,4,4,3,3,3,3,3,4,4,4,4,4,4,4,4,4,4,4,5,4,5,4,5,5,4,5,5,5,5
74,after,3,4,2,4,3,2,4,4,3,3,3,5,4,3,2,5,4,5,3,4,3,4,5,5,4,3,2,4,4,4,4,2,3,3,3,4,4,3,3,3,3,2,3,5,5,4,4,5,5,5,5,3,3,3,3,3,4,3,2,3,3,3,3,3,4,4,4,4,3,3,3,3,3,3,4,3,3,3,3,3,4,3,4,3,3,3,4,3,3,4,3,5,3,5,5,5,5,5,5,5
75,after,3,4,2,3,4,2,4,5,2,3,4,4,4,3,3,4,4,4,3,4,3,5,5,5,3,2,1,4,4,3,4,2,2,3,2,4,3,3,3,3,3,2,3,5,5,5,5,5,5,5,5,4,4,4,4,4,4,3,3,3,3,3,3,3,3,3,3,3,3,3,3,3,3,3,3,3,3,3,3,3,3,3,3,3,3,3,3,3,3,3,3,3,3,5,5,5,5,5,5,5
76,after,2,4,2,3,4,2,5,4,3,3,4,5,4,3,4,5,4,4,3,4,3,5,5,5,3,3,2,5,4,3,4,3,2,4,2,4,4,3,3,3,3,2,3,5,5,5,5,5,5,5,5,4,3,2,3,4,4,4,3,4,4,3,3,3,3,3,3,3,3,3,3,3,4,3,4,4,4,3,4,4,4,4,4,3,4,4,4,4,4,4,4,4,4,5,5,5,5,5,5,5
77,after,3,4,2,4,3,1,5,4,4,3,3,5,5,4,4,5,4,5,3,4,2,5,5,5,4,3,2,4,4,3,4,3,2,3,2,4,4,3,3,4,2,2,3,5,5,4,4,5,5,5,5,4,2,3,2,4,5,4,3,4,4,3,3,2,4,4,4,3,3,2,3,2,4,3,4,3,3,2,4,3,5,4,4,4,3,3,4,3,4,5,3,5,4,5,5,5,5,4,5,5
78,after,3,4,2,4,3,1,5,4,4,4,3,5,5,4,3,4,4,4,3,4,2,5,5,5,3,2,1,5,4,4,4,2,2,3,4,5,4,3,3,4,3,2,2,5,5,4,4,5,5,5,5,4,1,1,1,4,5,3,2,3,5,3,3,4,4,3,4,4,3,2,3,3,3,2,4,3,3,3,3,2,3,2,3,3,3,3,4,2,3,4,3,4,2,5,5,5,5,5,5,5
79,after,3,4,2,4,3,2,5,4,4,3,3,5,5,4,4,3,4,4,3,4,2,5,4,5,3,2,2,4,4,3,4,2,1,2,2,3,2,3,3,2,2,2,2,5,5,4,5,4,5,4,5,3,4,3,4,4,5,4,2,4,4,3,3,3,4,4,4,3,3,3,2,2,3,3,3,3,3,3,3,2,2,2,2,3,3,2,2,2,2,2,2,2,2,5,5,5,5,5,5,5
80,after,3,4,2,4,4,2,5,4,4,3,2,5,4,4,3,4,5,4,3,4,2,5,5,5,4,3,2,5,4,3,5,3,3,4,2,4,4,3,4,4,4,3,3,5,5,5,5,5,5,5,5,4,3,3,3,4,5,4,4,4,4,3,3,4,4,4,4,4,4,4,4,4,4,4,4,4,4,4,4,3,3,2,2,3,3,3,2,3,3,2,3,3,2,5,5,5,5,5,5,5
81,after,3,4,2,4,4,1,5,4,4,4,4,4,4,4,4,4,4,4,4,4,4,4,4,4,4,4,4,4,4,4,4,4,3,3,3,4,4,3,3,4,4,3,3,5,5,5,5,5,5,5,5,4,3,4,3,3,4,4,3,4,3,4,2,3,4,4,4,4,3,3,3,3,4,3,3,3,3,3,4,4,3,3,4,3,4,4,4,4,4,4,4,4,4,5,5,5,5,4,5,4
82,after,3,4,2,5,4,1,5,4,3,3,4,5,5,4,4,5,4,4,4,4,3,5,5,5,3,3,2,4,4,4,4,2,3,3,2,3,3,2,3,3,3,2,2,5,5,4,5,5,5,5,3,3,2,2,2,3,4,2,2,2,3,2,2,2,2,2,2,2,2,2,2,2,3,2,3,2,2,2,3,2,3,3,4,3,3,3,4,3,3,4,3,5,3,5,5,5,5,4,5,5
83,after,3,4,2,4,4,2,4,4,4,4,5,5,4,4,3,3,4,4,3,3,3,4,5,5,3,2,1,5,4,3,3,2,3,3,4,4,5,4,3,4,3,3,3,5,5,5,5,5,5,4,5,4,3,4,3,4,4,3,3,3,3,3,4,4,4,4,4,4,3,3,2,3,4,2,4,4,4,3,3,3,3,3,3,3,4,4,4,3,3,4,3,3,3,5,5,5,5,4,5,5
84,after,3,4,2,4,3,3,4,4,4,3,2,4,5,4,3,3,4,5,3,4,3,5,5,5,4,2,1,5,5,4,4,3,2,4,4,4,4,3,3,4,3,2,3,5,5,5,5,5,5,5,5,4,4,4,4,4,4,4,3,4,4,4,3,3,4,4,4,4,3,2,2,3,3,3,2,2,3,3,3,3,2,2,2,3,2,2,2,2,1,2,2,2,2,5,5,5,5,4,5,5
85,after,3,4,2,4,4,2,4,3,3,2,4,4,4,3,3,4,4,4,4,4,3,4,4,4,4,4,3,4,4,4,3,3,2,3,4,5,4,3,4,4,4,3,3,5,5,5,5,4,5,5,4,3,3,3,3,4,5,4,3,4,4,3,4,4,4,4,4,4,3,3,4,4,4,3,4,3,4,3,4,3,4,3,4,3,3,3,4,2,3,4,3,4,4,5,5,5,5,5,5,5
86,after,3,4,2,4,4,1,5,4,4,3,4,5,5,4,4,5,4,5,4,4,3,5,5,5,4,4,3,5,5,4,4,4,1,2,1,3,2,2,2,3,3,2,2,5,5,4,5,4,5,5,5,3,3,4,2,4,4,4,3,4,3,2,3,2,4,4,4,4,2,3,2,1,4,2,3,2,2,2,3,2,4,3,3,4,3,3,3,3,3,5,4,5,4,5,5,5,5,5,5,5
87,after,3,4,2,3,3,2,4,4,3,4,2,5,4,3,3,4,4,5,3,3,3,4,4,5,3,3,2,4,4,3,4,2,2,2,2,3,2,2,2,3,2,2,2,5,5,5,4,4,5,5,5,3,3,3,3,4,4,4,2,4,4,3,3,4,3,3,3,3,3,2,2,3,4,3,4,3,3,3,3,3,3,2,3,3,3,3,3,3,3,3,3,3,3,5,5,5,5,4,5,5
88,after,3,4,2,4,3,2,4,4,3,3,4,5,4,3,3,4,4,4,3,4,3,5,5,5,3,3,2,4,4,3,4,2,2,3,3,4,3,4,3,4,3,2,3,5,5,5,5,4,4,5,5,4,3,4,4,3,4,4,3,4,4,3,3,3,4,3,4,3,3,4,3,3,4,4,4,3,3,3,3,3,5,4,5,4,3,3,3,3,3,5,3,5,3,5,5,5,5,3,5,5
89,after,3,4,2,3,4,1,4,4,3,3,4,5,4,3,3,4,4,5,4,4,3,4,5,5,3,3,3,5,4,4,4,3,3,4,3,4,4,3,4,4,4,3,3,5,5,5,5,5,5,5,5,3,4,4,4,4,4,4,3,4,4,4,3,4,4,4,4,4,3,3,3,3,3,3,3,3,3,3,3,3,3,3,3,3,3,3,3,3,3,3,3,3,3,5,5,5,5,5,5,5
90,after,3,4,2,4,3,2,4,4,4,4,3,5,4,3,4,5,4,4,3,4,3,5,5,5,3,2,2,0,4,3,4,3,2,4,4,5,5,4,3,4,3,2,3,5,5,4,5,4,5,5,5,4,3,3,3,4,5,4,3,4,3,2,3,3,3,3,3,3,4,3,3,2,4,3,4,3,4,3,4,4,3,4,4,3,3,3,4,3,3,4,3,4,3,5,5,5,5,5,5,5
91,after,3,4,3,4,3,1,5,4,4,4,4,5,5,4,3,5,4,5,4,3,3,4,5,5,3,3,3,4,4,3,4,3,2,3,2,4,3,2,3,4,3,3,3,5,5,4,4,4,4,4,5,4,3,3,3,4,4,3,3,3,3,3,3,3,3,3,3,3,3,3,3,3,3,3,3,3,3,3,3,3,3,3,3,3,3,3,3,3,3,3,3,3,3,4,4,4,5,4,4,4
92,after,3,4,2,3,4,2,4,4,4,4,3,4,4,4,4,4,4,4,3,4,3,5,4,5,4,4,2,4,4,4,4,3,3,4,4,5,4,4,4,4,4,4,3,5,5,5,5,5,5,5,5,4,3,4,3,4,5,4,4,4,4,4,4,4,4,4,4,4,4,4,4,4,4,4,4,4,4,4,4,4,4,4,4,4,4,4,4,4,4,4,4,4,4,5,5,5,5,4,5,5
93,after,3,4,2,3,4,2,5,4,3,4,4,5,5,4,3,4,4,4,3,3,3,4,4,5,3,2,2,4,4,3,4,2,2,3,2,4,3,3,4,3,3,3,3,5,5,4,4,4,4,4,4,3,2,3,3,4,4,4,3,4,4,3,3,3,3,3,3,3,3,3,3,3,4,3,3,4,2,3,4,2,4,3,4,3,3,3,4,3,3,4,3,5,3,5,5,5,5,5,5,5
94,after,3,4,2,3,4,1,4,4,4,4,3,4,4,4,3,4,4,4,4,3,3,4,4,4,3,3,3,4,4,4,4,3,1,2,2,3,2,2,2,2,2,2,2,5,5,5,5,5,5,5,5,3,5,4,4,4,5,4,4,4,4,3,3,3,3,3,3,3,3,2,2,2,4,3,3,3,3,3,4,4,4,4,4,4,4,4,4,4,4,4,4,4,4,5,5,5,5,5,5,5
95,after,3,3,2,4,3,1,4,4,4,4,3,4,4,4,3,3,4,4,4,4,2,4,4,4,3,2,2,4,4,3,4,2,2,3,3,4,4,3,4,4,4,3,3,5,5,5,5,5,5,5,5,4,4,4,4,5,5,4,4,4,4,4,4,3,3,3,3,3,3,3,3,3,4,4,4,4,3,4,4,3,3,3,3,4,4,3,2,2,4,4,4,3,3,5,5,5,5,3,5,5
96,after,3,4,2,3,3,1,4,3,4,2,3,5,4,3,3,4,4,4,3,4,3,4,5,5,4,3,3,5,5,3,4,2,3,3,4,4,4,3,3,4,4,3,3,5,5,4,4,4,4,4,4,4,3,3,3,4,4,4,3,4,4,4,3,4,3,3,3,3,3,3,3,3,4,3,4,4,3,3,4,3,4,4,4,3,3,3,4,3,3,4,3,4,3,5,5,5,5,4,5,4
97,after,3,4,2,5,3,2,4,4,4,3,3,5,4,4,3,5,4,4,4,4,3,5,5,5,4,2,2,4,4,3,4,3,2,2,2,2,2,2,2,3,3,2,2,5,5,4,5,4,4,5,5,4,4,3,3,4,4,3,3,3,4,3,3,3,3,3,3,3,3,2,2,2,3,2,2,2,2,2,2,2,2,2,2,3,3,3,3,3,2,4,2,5,3,5,5,5,5,4,4,3
98,after,3,4,2,4,4,1,5,4,3,5,4,5,5,4,4,5,4,4,3,4,4,5,5,4,4,3,2,4,4,3,4,3,3,4,4,5,4,4,3,4,4,3,3,5,5,5,5,5,5,5,5,4,3,4,3,4,4,4,3,4,3,3,3,4,4,4,4,4,4,4,3,3,4,3,4,3,4,3,4,3,4,4,4,4,4,4,4,4,4,4,4,4,4,5,5,5,5,3,5,5
99,after,3,4,2,4,4,2,5,5,5,4,4,5,4,4,4,5,4,4,3,4,3,5,5,5,4,3,3,5,4,3,4,3,2,3,2,4,4,2,3,4,3,3,2,5,5,4,4,4,5,5,5,4,3,4,3,4,5,4,3,4,4,3,3,4,4,4,4,4,3,3,3,3,4,3,4,4,3,3,4,3,5,4,5,4,4,4,4,4,3,5,4,5,3,5,5,5,5,4,5,5
100,after,3,4,2,4,3,2,4,4,3,3,2,4,4,3,4,3,4,4,3,4,3,4,5,5,3,3,2,5,4,3,4,2,3,4,4,5,4,4,3,5,4,2,3,5,5,5,5,5,5,5,5,3,4,3,3,4,5,4,3,4,4,3,3,4,4,3,3,3,3,3,3,4,4,3,4,3,4,3,4,3,3,3,3,4,4,4,3,4,4,5,4,5,3,5,5,5,5,4,5,5
101,after,3,3,2,4,4,2,4,4,4,3,4,5,4,4,3,4,4,4,4,4,3,5,5,4,4,3,2,4,4,3,4,2,2,3,2,3,3,3,3,3,2,2,2,5,5,4,5,4,5,5,5,3,3,3,3,4,5,4,3,4,4,3,3,3,4,4,4,3,2,2,2,2,4,3,3,2,2,3,4,3,4,3,4,3,4,4,5,4,2,5,3,5,3,4,4,5,5,4,4,4
102,after,3,4,2,4,4,2,5,4,4,3,4,4,5,4,3,4,4,4,4,4,3,4,4,5,3,3,3,4,4,3,4,3,2,4,4,4,4,4,4,3,3,3,3,5,5,5,5,5,4,4,4,4,3,3,3,3,3,3,3,3,4,4,3,4,4,4,4,4,3,3,3,3,4,3,4,4,4,4,3,3,3,3,4,4,4,4,4,3,3,4,3,3,3,5,5,5,5,4,5,4
103,after,3,4,2,4,3,2,4,4,3,4,3,4,4,4,4,4,4,5,4,4,3,4,4,5,4,3,2,4,4,3,4,3,2,3,2,4,4,3,3,3,3,2,2,5,5,4,5,5,5,5,5,4,2,3,2,5,5,4,1,4,4,3,3,4,4,4,4,4,3,2,1,3,4,2,3,2,4,3,3,3,3,2,2,3,2,1,2,2,4,5,4,5,2,5,5,5,5,5,5,5
104,after,3,4,2,4,4,2,5,4,4,3,3,5,5,4,3,5,4,5,3,4,3,5,5,5,4,2,2,5,4,3,4,2,3,4,1,4,4,3,4,3,4,3,3,5,5,5,5,5,5,5,5,4,3,4,3,3,5,4,4,4,5,3,4,4,4,4,4,4,4,4,4,4,4,4,4,4,4,3,4,3,5,4,5,4,4,4,5,4,4,5,4,5,3,5,5,5,5,5,5,5
105,after,3,4,2,4,4,2,5,4,4,4,3,5,5,4,4,5,4,5,4,4,4,5,5,5,4,2,2,5,4,4,4,3,3,4,5,5,5,4,4,4,4,4,4,5,5,5,5,5,5,5,5,4,4,4,4,4,5,4,4,4,4,4,4,4,5,4,5,4,4,4,4,4,4,4,4,4,4,4,4,4,5,5,5,4,4,4,5,4,4,5,4,5,4,5,5,5,5,4,5,5
106,after,3,4,2,3,3,2,4,4,4,4,3,5,5,4,4,4,4,4,3,3,3,4,4,4,3,3,3,3,4,3,4,3,3,4,4,4,4,4,4,3,3,4,3,5,5,5,5,4,4,4,4,3,3,3,3,3,4,3,4,3,4,3,3,3,3,3,3,3,4,3,3,3,4,3,4,3,3,3,4,3,4,3,4,3,4,4,4,4,4,5,4,5,3,5,5,5,5,4,5,5
107,after,3,4,2,3,4,1,4,4,3,3,4,5,5,4,3,5,5,4,4,4,3,5,4,5,3,3,2,4,5,4,4,2,3,4,2,4,4,3,4,4,3,3,3,5,5,4,4,5,5,5,5,4,3,4,3,4,5,5,4,5,4,4,4,4,4,4,4,4,3,3,3,3,4,3,4,3,3,3,3,3,4,4,5,4,4,4,5,4,3,5,4,5,4,5,5,5,5,5,5,4
108,after,3,3,2,2,3,1,4,4,4,4,2,4,4,3,3,4,4,4,3,4,2,4,4,4,3,2,1,4,4,3,4,3,2,3,4,4,4,3,3,4,4,3,3,4,4,4,4,4,4,4,4,4,4,3,3,4,4,4,4,4,4,3,3,4,4,4,4,3,3,3,3,3,4,3,3,3,3,3,4,3,4,4,4,3,4,4,4,4,3,4,3,5,3,4,1,1,5,3,1,2
109,after,3,4,2,4,4,2,5,5,5,4,3,5,5,4,4,5,4,4,3,4,2,5,4,5,4,2,2,4,4,3,4,2,2,4,2,4,4,4,3,3,3,2,3,5,5,5,5,5,5,5,5,3,3,3,3,4,5,5,3,4,4,2,2,2,3,3,3,3,2,3,3,2,4,3,4,3,4,3,4,4,4,4,4,3,4,4,4,4,3,4,3,4,3,5,5,5,5,5,5,5
110,after,3,4,2,4,3,2,5,4,3,4,3,4,4,3,4,4,4,4,3,4,3,5,4,5,3,2,2,4,4,3,4,2,3,4,3,4,4,4,4,4,3,3,3,5,5,4,5,4,5,5,5,4,4,4,4,4,5,4,3,4,4,3,3,3,4,4,4,4,3,2,3,4,4,3,3,3,4,4,4,3,4,4,4,3,3,3,3,3,4,4,4,4,4,5,5,5,5,5,5,5
111,after,3,4,2,3,2,1,4,4,4,3,2,5,4,3,4,5,4,4,3,4,2,5,5,5,4,2,2,4,4,3,5,3,3,4,4,4,4,3,4,4,3,3,3,5,5,5,5,5,5,5,5,4,3,4,3,4,5,4,4,4,4,3,3,3,3,3,3,3,3,4,3,3,4,3,4,4,4,3,4,4,5,4,5,4,4,4,5,4,4,5,4,5,4,5,5,5,5,5,5,5
112,after,3,4,2,4,3,2,4,4,3,4,3,5,4,3,3,5,4,4,3,4,3,4,4,5,4,3,2,5,4,3,4,2,2,3,2,4,4,3,4,4,4,2,3,5,5,4,5,5,5,5,5,4,3,4,3,4,5,4,4,4,4,4,3,4,4,4,4,4,2,3,3,3,4,3,3,3,3,3,4,3,4,4,4,4,4,4,4,4,3,4,3,5,3,5,5,5,5,5,5,5
113,after,3,4,2,3,4,1,5,4,3,4,3,4,5,3,4,5,4,5,4,4,3,5,5,5,3,3,2,4,5,3,4,3,3,4,4,4,4,4,3,4,4,3,3,5,5,5,5,5,5,5,5,3,3,4,4,4,5,4,3,4,4,3,4,4,4,3,4,4,3,3,3,4,4,3,4,3,4,3,4,3,4,4,5,4,3,3,4,3,4,4,4,5,4,5,5,5,5,4,5,5
114,after,3,3,2,3,2,2,4,4,4,4,2,4,4,4,3,3,4,4,3,3,3,4,4,5,3,3,3,4,4,3,3,2,2,3,4,4,4,3,3,4,3,3,2,5,5,4,5,5,4,5,4,4,3,4,3,4,5,4,3,4,4,3,3,4,4,4,4,4,3,4,3,3,4,3,3,4,3,3,3,3,4,3,4,3,3,3,4,3,3,4,3,4,3,4,4,4,5,4,4,3
115,after,3,4,2,4,4,2,4,3,3,3,4,4,4,4,4,5,4,4,3,4,3,4,4,4,3,3,2,3,4,3,4,3,2,3,4,5,4,4,4,5,4,3,3,5,5,5,5,5,5,5,5,4,3,4,3,4,4,4,3,4,4,4,3,4,4,4,4,4,3,3,3,3,3,3,3,3,3,3,3,2,2,2,2,2,2,2,2,2,2,2,2,2,2,5,5,5,5,5,5,5
116,after,3,3,2,2,4,1,4,4,4,4,3,4,4,4,3,4,4,4,3,4,3,4,5,5,4,2,2,4,4,3,2,2,2,3,4,5,4,3,4,4,4,2,3,5,5,5,5,5,5,5,5,4,4,3,4,4,5,4,3,4,4,3,3,3,4,4,4,4,3,3,3,3,4,2,4,4,3,4,4,3,4,4,4,4,3,4,4,3,3,5,3,5,3,5,5,5,5,3,5,5
117,after,3,4,2,4,4,2,5,4,4,3,2,5,4,3,3,5,4,4,3,4,3,5,4,5,3,2,2,4,5,3,4,3,2,4,3,4,4,3,4,3,3,2,3,5,5,5,5,5,5,5,5,4,4,3,4,4,5,4,3,4,4,3,3,3,4,3,4,3,4,4,3,4,4,4,4,4,4,4,4,3,4,4,4,4,4,4,4,3,4,4,4,4,4,5,5,5,5,5,5,5
118,after,3,4,1,4,4,2,5,5,5,4,4,5,5,4,4,5,4,5,3,4,3,5,5,5,4,2,2,4,4,3,4,3,2,3,4,5,4,3,3,4,4,2,3,5,5,5,5,5,5,5,5,4,2,2,2,4,4,2,2,3,3,4,2,2,2,3,2,2,4,3,2,4,5,4,4,3,3,3,4,4,4,3,4,3,4,4,4,4,4,4,3,5,3,5,5,5,5,4,5,5
119,after,3,4,4,3,4,2,5,4,3,3,4,5,5,3,4,5,4,4,4,3,3,5,5,4,4,2,2,4,4,3,4,2,3,3,3,4,4,3,3,4,3,3,3,5,5,4,5,4,5,5,5,3,4,4,4,4,4,4,3,4,4,3,3,3,4,4,4,4,3,3,3,3,4,3,3,3,4,3,4,4,4,4,4,4,4,4,4,4,3,5,3,5,4,5,5,5,5,5,5,5
120,after,3,4,2,3,4,1,5,3,3,4,2,5,4,3,4,4,4,4,3,4,3,5,5,4,3,3,3,4,4,4,4,3,3,3,4,5,4,4,4,4,4,2,3,5,5,5,5,5,5,5,5,4,4,3,4,4,4,3,3,3,4,3,3,3,3,3,3,3,3,3,2,4,4,3,3,3,3,2,3,3,2,3,3,3,3,3,2,3,3,3,3,3,3,5,5,5,5,3,5,1
121,after,3,4,2,4,3,2,5,4,3,4,3,5,4,3,4,5,4,4,4,4,3,5,5,5,3,3,3,5,4,4,4,3,2,4,3,4,4,3,3,3,3,3,3,5,5,4,5,5,5,5,5,4,3,4,3,4,5,4,2,4,4,2,3,4,4,3,3,3,3,3,3,3,3,3,4,3,4,3,3,2,5,4,5,4,3,3,5,3,4,5,3,5,4,5,5,5,5,4,5,5
122,after,3,4,2,3,3,1,4,4,3,4,3,4,5,3,3,4,4,4,3,4,3,5,5,4,3,3,3,4,4,4,4,3,1,1,3,4,4,3,3,3,2,2,3,5,5,5,5,5,5,5,5,4,2,4,3,4,5,4,3,4,4,4,3,4,5,4,4,3,2,2,2,2,4,2,4,2,2,3,4,2,4,3,4,4,3,4,4,3,2,5,3,5,2,5,5,5,5,4,5,4
123,after,3,4,1,2,4,0,5,4,3,2,3,4,5,4,3,2,4,5,3,4,2,5,5,4,4,2,2,4,5,3,5,2,2,3,2,4,3,3,3,4,2,2,2,5,5,5,5,4,5,5,5,4,2,5,3,4,5,4,3,4,4,3,3,4,4,4,4,4,3,3,3,4,4,3,3,3,3,3,3,3,4,4,5,4,4,4,5,3,1,5,3,5,3,5,5,5,5,4,5,5
124,after,3,3,3,3,3,2,4,4,4,3,3,4,4,4,3,4,4,4,4,4,3,4,5,4,4,3,2,4,4,3,3,2,2,3,2,3,3,3,2,4,3,2,2,5,5,5,5,4,4,5,5,4,3,3,3,4,4,4,3,4,4,3,2,3,2,3,3,2,2,2,2,2,3,2,3,2,2,4,3,2,3,2,3,3,2,2,3,2,3,4,3,4,3,4,4,5,5,4,5,5
125,after,3,4,2,4,4,1,5,4,4,3,4,4,5,4,4,4,4,4,3,4,2,5,4,5,3,3,2,4,4,3,3,2,2,3,4,5,5,3,4,4,4,2,4,5,5,4,5,5,5,5,5,4,2,3,3,4,4,4,3,4,4,3,3,3,3,3,3,3,3,3,2,2,4,3,4,3,4,3,4,3,3,4,4,3,4,4,3,4,4,5,4,5,4,5,5,5,5,5,5,5
126,after,3,4,3,4,4,2,5,4,4,4,3,4,5,4,4,5,4,4,3,4,4,5,5,5,4,3,2,5,5,4,4,2,2,3,2,4,4,3,3,4,3,2,3,5,5,4,5,5,5,5,5,3,2,2,2,4,5,4,3,4,5,4,4,4,5,5,5,5,3,3,3,3,3,3,3,3,3,3,4,4,5,4,5,4,4,4,5,4,4,5,4,5,4,5,5,5,5,5,5,5
127,after,3,4,2,4,4,2,5,4,4,4,4,5,5,4,4,5,4,4,3,4,3,4,5,5,4,3,3,5,4,4,4,4,2,3,2,4,3,3,3,3,2,2,2,5,5,4,5,5,5,5,5,4,2,3,2,4,5,4,3,4,3,3,2,3,2,3,4,2,3,3,2,2,3,2,3,3,3,3,3,2,4,3,4,3,3,3,4,3,2,4,4,4,3,5,5,5,5,4,5,4
128,after,3,4,2,1,3,2,4,4,3,3,4,5,5,4,3,3,4,4,4,4,3,5,5,5,4,3,2,0,4,3,3,2,2,2,2,2,2,3,2,3,2,2,2,5,5,5,5,5,5,5,5,4,3,3,3,3,4,3,3,3,4,3,3,3,4,4,4,4,3,2,3,3,3,3,3,3,3,3,3,3,4,4,4,3,4,4,4,4,3,4,4,4,4,5,5,5,5,5,5,5
